repo_id,author,downloads,likes,last_modified,created_at,is_eval_like,task_pick_and_place,task_pour_liquids,task_laundry_folding,best_task,best_task_score,total_task_score,codebase_version,robot_type,total_episodes,total_frames,total_tasks,total_videos,total_chunks,chunks_size,fps,data_files_size_in_mb,video_files_size_in_mb
4yato/gakushu6,4yato,17,0,2026-02-07T08:52:48+00:00,2026-02-07T07:42:44+00:00,False,0,0,0,pick_and_place,0,0,v3.0,so_follower,60,45579,1,,,1000,30,100,200
4yato/gakushu5.1,4yato,21,0,2026-01-29T08:24:07+00:00,2026-01-29T08:07:26+00:00,False,0,0,0,pick_and_place,0,0,v3.0,so_follower,40,28598,1,,,1000,30,100,200
4yato/gakushu5,4yato,28,0,2026-01-23T09:20:39+00:00,2026-01-23T09:20:17+00:00,False,0,0,0,pick_and_place,0,0,v3.0,so101_follower,21,12510,1,,,1000,30,100,500
4yato/gakushu3,4yato,6,0,2025-12-02T09:23:29+00:00,2025-12-02T09:23:17+00:00,False,0,0,0,pick_and_place,0,0,v3.0,so101_follower,40,40959,1,,,1000,30,100,500
4yato/gakushu2,4yato,10,0,2025-11-27T08:57:38+00:00,2025-11-26T08:44:31+00:00,False,0,0,0,pick_and_place,0,0,v3.0,so101_follower,70,65420,1,,,1000,30,100,500
4yato/gakushu1,4yato,7,0,2025-11-21T08:22:44+00:00,2025-11-21T08:22:33+00:00,False,0,0,0,pick_and_place,0,0,v3.0,so101_follower,10,9319,1,,,1000,30,100,500
7alexzhang7/eval_turn-h-wrench-to-left-hard-diffusion-new-5090,7alexzhang7,84,0,2026-01-31T02:28:51+00:00,2026-01-31T00:28:23+00:00,True,0,0,0,pick_and_place,0,0,v3.0,so101_follower,20,36010,1,,,1000,30,100,200
7alexzhang7/eval_turn-turnwheel-to-left-hard-diffusion-new,7alexzhang7,74,0,2026-01-30T01:31:39+00:00,2026-01-29T22:15:34+00:00,True,0,0,0,pick_and_place,0,0,v3.0,so101_follower,20,34907,1,,,1000,30,100,200
7alexzhang7/turn-turnwheel-to-left-hard,7alexzhang7,36,0,2026-01-29T06:12:36+00:00,2026-01-29T05:13:28+00:00,False,0,0,0,pick_and_place,0,0,v3.0,so101_follower,50,48633,1,,,1000,30,100,200
7alexzhang7/eval_turn-door-handle-to-left-hard-diffusion-new,7alexzhang7,55,0,2026-01-29T03:39:55+00:00,2026-01-29T01:52:01+00:00,True,0,0,0,pick_and_place,0,0,v3.0,so101_follower,20,12532,1,,,1000,30,100,200
7alexzhang7/door-handle-turn-left-hard,7alexzhang7,32,0,2026-01-28T01:49:35+00:00,2026-01-28T01:16:21+00:00,False,0,0,0,pick_and_place,0,0,v3.0,so101_follower,50,24149,1,,,1000,30,100,200
7alexzhang7/h-wrench-turn-left-hard,7alexzhang7,33,0,2026-01-27T03:42:06+00:00,2026-01-27T02:49:53+00:00,False,0,0,0,pick_and_place,0,0,v3.0,so101_follower,50,31306,1,,,1000,30,100,200
7alexzhang7/eval_turn_quarter-lever-to-left-hard-diffusion-new,7alexzhang7,95,0,2026-01-27T01:59:20+00:00,2026-01-27T00:01:06+00:00,True,0,0,0,pick_and_place,0,0,v3.0,so101_follower,21,25873,1,,,1000,30,100,200
7alexzhang7/quarter-lever-turn-left-light,7alexzhang7,53,0,2026-01-17T23:47:57+00:00,2026-01-17T22:50:50+00:00,False,0,0,0,pick_and_place,0,0,v3.0,so101_follower,50,32633,1,,,1000,30,100,200
7alexzhang7/quarter-lever-turn-left-hard,7alexzhang7,50,0,2026-01-16T02:17:21+00:00,2026-01-16T00:18:29+00:00,False,0,0,0,pick_and_place,0,0,v3.0,so101_follower,50,46945,1,,,1000,30,100,200
7alexzhang7/eval_so101-turn-quarter-lever-to-left-light-diffusion,7alexzhang7,234,0,2025-12-18T07:06:52+00:00,2025-12-18T05:50:28+00:00,True,0,0,0,pick_and_place,0,0,v3.0,so101_follower,20,11340,1,,,1000,30,100,200
7alexzhang7/quarter-lever-to-left-light,7alexzhang7,12,0,2025-12-17T23:22:09+00:00,2025-12-17T22:17:41+00:00,False,0,0,0,pick_and_place,0,0,v3.0,so101_follower,50,26978,1,,,1000,30,100,200
7alexzhang7/so101-turn-lever-right-to-left-max-fov,7alexzhang7,5,0,2025-11-20T23:36:37+00:00,2025-11-19T01:07:44+00:00,False,0,0,0,pick_and_place,0,0,v3.0,so101_follower,50,16982,1,,,1000,30,100,500
AARYA-G/record-test,AARYA-G,49,0,2026-01-11T04:26:46+00:00,2025-12-31T04:42:12+00:00,False,0,0,0,pick_and_place,0,0,v3.0,so101_follower,56,16969,1,,,1000,30,100,200
AARYA-G/project,AARYA-G,47,0,2026-01-11T04:25:02+00:00,2026-01-11T02:46:58+00:00,False,0,0,0,pick_and_place,0,0,v3.0,so101_follower,56,16969,1,,,1000,30,100,200
AdithyaRajendran/so101_grab_brain_t2_x10,AdithyaRajendran,148,0,2025-12-29T12:36:51+00:00,2025-12-29T12:30:11+00:00,False,0,0,0,pick_and_place,0,0,v3.0,so101_follower,2410,1008320,1,,,1000,30,100,200
AdithyaRajendran/so101_grab_brain_t2,AdithyaRajendran,39,0,2025-12-25T19:02:55+00:00,2025-12-25T14:01:35+00:00,False,0,0,0,pick_and_place,0,0,v3.0,so101_follower,241,100832,1,,,1000,30,100,200
AkshuAriga/so101_screwdriver_plate_v2,AkshuAriga,20,0,2026-02-12T18:39:59+00:00,2026-02-12T18:31:57+00:00,False,0,0,0,pick_and_place,0,0,v3.0,so_follower,10,5874,1,,,1000,30,100,200
Artemzlx/so101-cube-test,Artemzlx,24,0,2026-02-12T11:19:49+00:00,2026-02-12T11:19:21+00:00,False,1,0,0,pick_and_place,1,1,v3.0,so_follower,20,14933,1,,,1000,30,100,200
Charlieisme/data022_cleaned,Charlieisme,12,0,2026-02-12T00:39:40+00:00,2026-02-12T00:36:16+00:00,False,0,0,0,pick_and_place,0,0,v3.0,so_follower,48,71854,1,,,1000,30,100,200
Charlieisme/eval_so101_multicam_v23,Charlieisme,18,0,2026-02-06T05:30:20+00:00,2026-02-06T05:29:34+00:00,True,0,0,0,pick_and_place,0,0,v3.0,so_follower,10,11951,1,,,1000,30,100,200
CursedRock17/so101_two_cam,CursedRock17,20,0,2026-02-12T14:27:21+00:00,2026-02-12T14:27:16+00:00,False,0,0,0,pick_and_place,0,0,v3.0,so101_follower,50,22175,1,,,1000,30,100,200
CursedRock17/so101_block_onecam,CursedRock17,28,0,2026-02-10T14:24:48+00:00,2026-02-10T14:24:47+00:00,False,0,0,0,pick_and_place,0,0,v3.0,so101_follower,25,7384,1,,,1000,30,100,200
CursedRock17/so101_arms_usmsm,CursedRock17,151,0,2026-02-10T13:38:49+00:00,2025-11-07T16:38:11+00:00,False,0,0,0,pick_and_place,0,0,v3.0,so101_follower,50,22421,1,,,1000,30,100,200
DriversMore/pruebaHaribo,DriversMore,6,0,2025-11-22T22:21:38+00:00,2025-11-22T22:20:44+00:00,False,0,0,0,pick_and_place,0,0,v3.0,so101_follower,33,57378,1,,,1000,30,100,500
EdwardCHWang/so101_green_cube_vla,EdwardCHWang,35,0,2026-02-09T10:43:54+00:00,2026-02-09T10:11:19+00:00,False,1,0,0,pick_and_place,1,1,v3.0,so_follower,50,20487,1,,,1000,30,100,200
EdwardCHWang/record-test-v2,EdwardCHWang,32,0,2026-01-16T09:02:19+00:00,2026-01-16T09:02:04+00:00,False,0,0,0,pick_and_place,0,0,v3.0,so101_follower,10,2944,1,,,1000,30,100,200
Elvinky/eval_so101_pick_place_bottle_v0_success,Elvinky,32,0,2026-02-11T04:05:53+00:00,2026-02-11T04:03:48+00:00,True,2,1,0,pick_and_place,2,3,v3.0,so_follower,30,14895,1,,,1000,30,100,200
Elvinky/eval_so101_pick_place_bottle_v0,Elvinky,49,0,2026-02-11T04:03:46+00:00,2026-02-11T04:00:42+00:00,True,2,1,0,pick_and_place,2,3,v3.0,so_follower,67,31113,1,,,1000,30,100,200
Elvinky/so101_pick_place_bottle,Elvinky,51,0,2026-02-09T07:29:37+00:00,2026-02-09T06:04:39+00:00,False,2,1,0,pick_and_place,2,3,v3.0,so_follower,21,10058,1,,,1000,30,100,200
Elvinky/so101_pick_place_test,Elvinky,15,0,2026-02-09T03:12:19+00:00,2026-02-09T03:02:18+00:00,False,2,0,0,pick_and_place,2,2,v3.0,so_follower,40,17241,1,,,1000,30,100,200
GonzoBop/SO-101-ACT-pick-and-place,GonzoBop,81,0,2026-02-13T10:16:08+00:00,2026-02-11T14:10:12+00:00,False,2,0,0,pick_and_place,2,2,v3.0,so_follower,10,8457,1,,,1000,30,100,200
GonzoBop/SO-101-ACT-test0-20260125-152006,GonzoBop,25,0,2026-01-25T15:03:55+00:00,2026-01-25T15:01:12+00:00,False,0,0,0,pick_and_place,0,0,v3.0,so_follower,50,30189,1,,,1000,30,100,200
GonzoBop/SO-101-ACT-new,GonzoBop,34,0,2026-01-17T18:20:09+00:00,2026-01-17T18:16:36+00:00,False,0,0,0,pick_and_place,0,0,v3.0,so_follower,10,11566,1,,,1000,30,100,200
Gopisainath1718/record-test,Gopisainath1718,41,0,2025-12-17T21:44:12+00:00,2025-12-17T21:13:47+00:00,False,0,0,0,pick_and_place,0,0,v3.0,so101_follower,25,9444,1,,,1000,30,100,200
Greynar/eval_so100,Greynar,42,0,2026-01-27T10:51:32+00:00,2026-01-27T10:18:34+00:00,True,0,0,0,pick_and_place,0,0,v3.0,so100_follower,11,6404,1,,,1000,30,100,200
Greynar/record-test,Greynar,116,0,2026-01-22T13:52:44+00:00,2026-01-22T13:22:17+00:00,False,0,0,0,pick_and_place,0,0,v3.0,so101_follower,50,9668,1,,,1000,30,100,200
Gukchan/so101_test_0113_wrist_only_img_change,Gukchan,34,0,2026-01-15T09:26:42+00:00,2026-01-15T09:24:48+00:00,False,0,0,0,pick_and_place,0,0,v3.0,so101_follower,50,12864,1,,,1000,30,100,200
Gukchan/so101_test_0113_wrist_only,Gukchan,18,0,2026-01-14T09:09:38+00:00,2026-01-14T09:03:21+00:00,False,0,0,0,pick_and_place,0,0,v3.0,so101_follower,50,12864,1,,,1000,30,100,200
Gukchan/pick_redcube_and_place_greenpaper,Gukchan,5,0,2026-01-11T10:09:35+00:00,2026-01-11T10:09:22+00:00,False,3,0,0,pick_and_place,3,3,v3.0,so101_follower,50,24601,1,,,1000,30,100,200
Gukchan/converted_v30_with_video,Gukchan,4,0,2026-01-08T07:40:15+00:00,2026-01-08T06:48:16+00:00,False,0,0,0,pick_and_place,0,0,v3.0,so101_follower,50,20647,1,,,1000,30,100,200
Gukchan/pickandplace_v30,Gukchan,4,0,2026-01-08T04:50:18+00:00,2026-01-08T04:43:40+00:00,False,2,0,0,pick_and_place,2,2,v3.0,so101_follower,50,20647,1,,,1000,30,100,200
Gukchan/pickandplace_cube_v3,Gukchan,6,0,2026-01-07T08:30:39+00:00,2026-01-07T07:40:47+00:00,False,3,0,0,pick_and_place,3,3,v3.0,so101_follower,50,28064,1,,,1000,30,100,200
Gukchan/record-test,Gukchan,7,0,2026-01-02T07:27:51+00:00,2026-01-02T06:03:13+00:00,False,0,0,0,pick_and_place,0,0,v3.0,so101_follower,50,11511,1,,,1000,30,100,200
HenryZhang/RFM_sup_succ_offlineRL_merged_filtered,HenryZhang,117,0,2026-02-05T04:54:21+00:00,2026-02-05T01:35:30+00:00,False,0,0,0,pick_and_place,0,0,v3.0,so101_follower,75,10700,3,,,1000,15,100,500
HenryZhang/rfm_sub_3_task_succ_filtered,HenryZhang,48,0,2026-02-05T04:53:12+00:00,2026-02-04T21:00:48+00:00,False,0,0,0,pick_and_place,0,0,v3.0,so101_follower,60,8078,3,,,1000,15,100,500
HenryZhang/RFM_offlineRL_5_succ_filtered,HenryZhang,60,0,2026-02-05T04:52:47+00:00,2026-02-04T21:00:43+00:00,False,0,0,0,pick_and_place,0,0,v3.0,so101_follower,15,2622,3,,,1000,15,100,500
HenryZhang/RFM_sup_fail_offlineRL_merged_filtered,HenryZhang,30,0,2026-02-05T03:00:10+00:00,2026-02-04T20:58:15+00:00,False,0,0,0,pick_and_place,0,0,v3.0,so101_follower,120,34919,3,,,1000,15,100,500
HenryZhang/RFM_sup_succ_offlineRL_merged_filtered_new,HenryZhang,13,0,2026-02-05T01:42:56+00:00,2026-02-05T01:42:55+00:00,False,0,0,0,pick_and_place,0,0,v3.0,so101_follower,75,10700,3,,,1000,15,100,500
HenryZhang/rfm_sub_3_task_fail1770173650.146896,HenryZhang,25,0,2026-02-04T03:29:11+00:00,2026-02-04T03:29:07+00:00,False,0,0,0,pick_and_place,0,0,v3.0,so101_follower,45,13500,3,,,1000,15,100,500
HenryZhang/rfm_sub_3_task_succ,HenryZhang,56,0,2026-02-04T02:37:07+00:00,2026-02-04T02:37:03+00:00,False,0,0,0,pick_and_place,0,0,v3.0,so101_follower,60,8078,3,,,1000,15,100,500
HenryZhang/RFM_offlineRL_1_succ_30task,HenryZhang,14,0,2026-01-28T22:44:37+00:00,2026-01-28T22:44:33+00:00,False,0,0,0,pick_and_place,0,0,v3.0,so101_follower,30,3387,1,,,1000,15,100,500
HenryZhang/RFM_offlineRL_1_succ_2nd,HenryZhang,15,0,2026-01-27T21:48:49+00:00,2026-01-27T21:48:44+00:00,False,0,0,0,pick_and_place,0,0,v3.0,so101_follower,10,1442,1,,,1000,15,100,500
HenryZhang/RFM_offlineRL_5_fail251769202398.886546,HenryZhang,49,0,2026-01-23T22:47:16+00:00,2026-01-23T22:47:12+00:00,False,0,0,0,pick_and_place,0,0,v3.0,so101_follower,125,35191,5,,,1000,15,100,500
HenryZhang/RFM_offlineRL_5_succ1769207567.8997138,HenryZhang,48,0,2026-01-23T22:46:05+00:00,2026-01-23T22:46:01+00:00,False,0,0,0,pick_and_place,0,0,v3.0,so101_follower,25,4288,5,,,1000,15,100,500
HenryZhang/RFM_offlineRL_1_fail251769202398.886546,HenryZhang,27,0,2026-01-23T22:31:27+00:00,2026-01-23T22:31:17+00:00,False,0,0,0,pick_and_place,0,0,v3.0,so101_follower,125,35191,5,,,1000,15,100,500
HenryZhang/RFM_offlineRL_1_fail1769194818.5427046,HenryZhang,38,0,2026-01-23T19:45:01+00:00,2026-01-23T19:44:57+00:00,False,0,0,0,pick_and_place,0,0,v3.0,so101_follower,45,11482,1,,,1000,15,100,500
HenryZhang/rfm_5_demos1768605063.996896,HenryZhang,27,0,2026-01-16T23:44:09+00:00,2026-01-16T23:44:05+00:00,False,0,0,0,pick_and_place,0,0,v3.0,so101_follower,50,8501,10,,,1000,15,100,500
HenryZhang/RFM_1_demo_close_succ,HenryZhang,14,0,2025-12-23T01:00:38+00:00,2025-12-23T01:00:30+00:00,False,0,0,0,pick_and_place,0,0,v3.0,so101_follower,10,1675,10,,,1000,15,100,500
HenryZhang/RFM_1_demo_failure,HenryZhang,14,0,2025-12-23T00:32:20+00:00,2025-12-23T00:32:09+00:00,False,0,0,0,pick_and_place,0,0,v3.0,so101_follower,10,3000,10,,,1000,15,100,500
HenryZhang/RFM_1_demo_BC,HenryZhang,5,0,2025-12-19T23:37:47+00:00,2025-12-19T23:37:46+00:00,False,0,0,0,pick_and_place,0,0,v3.0,so101_follower,10,1355,10,,,1000,15,100,500
HenryZhang/RFM_1_demo_dataset1766186169.8585718,HenryZhang,7,0,2025-12-19T23:37:26+00:00,2025-12-19T23:35:36+00:00,False,0,0,0,pick_and_place,0,0,v3.0,so101_follower,10,1355,10,,,1000,15,100,500
HenryZhang/RFM_human1763747463.9363,HenryZhang,5,0,2025-11-21T18:04:24+00:00,2025-11-21T18:04:21+00:00,False,0,0,0,pick_and_place,0,0,v3.0,so101_follower,20,2981,10,,,1000,15,100,500
HenryZhang/RFM_subopt_recollect1763744785.025841,HenryZhang,4,0,2025-11-21T17:27:28+00:00,2025-11-21T17:27:24+00:00,False,0,0,0,pick_and_place,0,0,v3.0,so101_follower,20,4855,10,,,1000,15,100,500
HenryZhang/RFM_success1763573774.5171869,HenryZhang,4,0,2025-11-19T17:58:45+00:00,2025-11-19T17:58:42+00:00,False,0,0,0,pick_and_place,0,0,v3.0,so101_follower,20,2737,10,,,1000,15,100,500
HenryZhang/RFM_fail1763506194.7428741,HenryZhang,3,0,2025-11-18T23:09:45+00:00,2025-11-18T23:09:41+00:00,False,0,0,0,pick_and_place,0,0,v3.0,so101_follower,20,5992,10,,,1000,15,100,500
JarneVdHDM/grab-mentos-3cam,JarneVdHDM,23,0,2026-01-26T14:50:27+00:00,2026-01-26T14:14:27+00:00,False,0,0,0,pick_and_place,0,0,v3.0,so_follower,64,17697,1,,,1000,30,100,200
JarneVdHDM/grab-mentos,JarneVdHDM,37,0,2026-01-23T13:52:00+00:00,2026-01-23T13:51:47+00:00,False,0,0,0,pick_and_place,0,0,v3.0,so_follower,51,23005,1,,,1000,30,100,200
Jiminator/record-test2,Jiminator,7,0,2025-12-31T06:56:25+00:00,2025-12-31T06:55:33+00:00,False,0,0,0,pick_and_place,0,0,v3.0,so101_follower,50,49319,1,,,1000,30,100,200
Jiminator/record-test,Jiminator,18,0,2025-12-28T07:44:22+00:00,2025-12-28T07:43:39+00:00,False,0,0,0,pick_and_place,0,0,v3.0,so101_follower,50,30868,1,,,1000,30,100,200
Jinny9220/so101_test_v1,Jinny9220,42,0,2026-01-30T05:30:46+00:00,2026-01-30T03:29:10+00:00,False,0,0,0,pick_and_place,0,0,v3.0,so_follower,50,88598,1,,,1000,30,100,200
Lait-au-pole/so101_stereovision,Lait-au-pole,80,0,2026-02-11T16:35:24+00:00,2026-02-05T14:38:20+00:00,False,0,0,0,pick_and_place,0,0,v3.0,so_follower,131,41183,1,,,1000,30,100,200
Lait-au-pole/eval_so101,Lait-au-pole,36,0,2026-02-05T09:22:04+00:00,2026-02-05T09:07:48+00:00,True,0,0,0,pick_and_place,0,0,v3.0,so_follower,13,9650,1,,,1000,30,100,200
Lait-au-pole/so101_test_480,Lait-au-pole,26,0,2026-02-04T21:26:48+00:00,2026-02-04T21:14:21+00:00,False,0,0,0,pick_and_place,0,0,v3.0,so_follower,65,20750,1,,,1000,30,100,200
Lait-au-pole/so101_test,Lait-au-pole,46,0,2026-02-04T18:19:31+00:00,2026-02-04T18:16:59+00:00,False,0,0,0,pick_and_place,0,0,v3.0,so_follower,51,25921,1,,,1000,30,100,200
Monica628/monica_SO101_PickBlock_260121,Monica628,29,0,2026-01-21T07:00:35+00:00,2026-01-21T06:49:57+00:00,False,1,0,0,pick_and_place,1,1,v3.0,so_follower,10,5341,1,,,1000,30,100,200
Piersondong/so101_diffusion_data_v1,Piersondong,80,0,2026-02-10T07:08:36+00:00,2026-02-09T09:34:23+00:00,False,0,0,0,pick_and_place,0,0,v3.0,so_follower,53,34463,1,,,1000,30,100,200
Piersondong/so101_dual_cam_diffusion,Piersondong,23,0,2026-02-03T09:55:06+00:00,2026-02-03T09:53:08+00:00,False,0,0,0,pick_and_place,0,0,v3.0,so101_follower,72,58882,1,,,1000,30,100,200
Piersondong/so101_wrist_two_objects_v1,Piersondong,29,0,2026-02-01T15:00:41+00:00,2026-02-01T14:59:48+00:00,False,1,0,0,pick_and_place,1,1,v3.0,so101_follower,50,40013,1,,,1000,30,100,200
Piersondong/eval_act_wrist_test,Piersondong,12,0,2026-01-30T11:18:49+00:00,2026-01-30T11:18:35+00:00,True,0,0,0,pick_and_place,0,0,v3.0,so101_follower,10,8961,1,,,1000,30,100,200
Piersondong/so101_wrist_only_50ep,Piersondong,18,0,2026-01-30T08:14:31+00:00,2026-01-30T08:13:51+00:00,False,0,0,0,pick_and_place,0,0,v3.0,so101_follower,50,26547,1,,,1000,30,100,200
Pinguin01TG/record-test24,Pinguin01TG,7,0,2026-01-02T22:30:02+00:00,2026-01-02T22:05:35+00:00,False,0,0,0,pick_and_place,0,0,v3.0,so101_follower,37,24056,1,,,1000,30,100,200
Pinguin01TG/record-test12,Pinguin01TG,4,0,2026-01-02T16:12:38+00:00,2026-01-02T16:12:33+00:00,False,0,0,0,pick_and_place,0,0,v3.0,so101_follower,50,27979,1,,,1000,30,100,200
Pinguin01TG/record-test11,Pinguin01TG,10,0,2026-01-02T15:27:53+00:00,2026-01-02T15:18:23+00:00,False,0,0,0,pick_and_place,0,0,v3.0,so101_follower,50,27979,1,,,1000,30,100,200
Quadzilla/eval_so101_v7,Quadzilla,5,0,2025-12-22T15:36:46+00:00,2025-12-22T15:35:00+00:00,True,0,0,0,pick_and_place,0,0,v3.0,so101_follower,17,5800,1,,,1000,30,100,200
Quadzilla/testv1,Quadzilla,5,0,2025-12-22T12:03:15+00:00,2025-12-22T12:02:04+00:00,False,0,0,0,pick_and_place,0,0,v3.0,so101_follower,20,7285,1,,,1000,30,100,200
SerhiiShuruta/so101_grab_yellow_cube_to_cart,SerhiiShuruta,18,0,2026-01-19T20:21:58+00:00,2026-01-19T20:20:34+00:00,False,1,0,0,pick_and_place,1,1,v3.0,so101_follower,30,53522,1,,,1000,30,100,200
SerhiiShuruta/so101_yellow_cube_grab_clean,SerhiiShuruta,32,0,2026-01-18T16:47:23+00:00,2026-01-18T16:40:26+00:00,False,1,0,0,pick_and_place,1,1,v3.0,so101_follower,170,303609,1,,,1000,30,100,200
SerhiiShuruta/so101_yellow_cube_grab_cam_pose_2,SerhiiShuruta,28,0,2026-01-17T13:32:50+00:00,2026-01-17T13:30:57+00:00,False,1,0,0,pick_and_place,1,1,v3.0,so101_follower,41,72187,1,,,1000,30,100,200
SerhiiShuruta/so101_yellow_cube_grab,SerhiiShuruta,26,0,2026-01-16T18:17:56+00:00,2026-01-15T18:54:42+00:00,False,1,0,0,pick_and_place,1,1,v3.0,so101_follower,201,339481,1,,,1000,30,100,200
YW0708/svla_test,YW0708,4,0,2026-01-26T11:51:39+00:00,2026-01-19T02:12:54+00:00,False,0,0,0,pick_and_place,0,0,v3.0,so_follower,30,42100,1,,,1000,30,100,200
aDaikiKamata/eval_smolvla_so101_pp_donuts_random_donut_pos_varied,aDaikiKamata,28,0,2026-02-01T17:28:13+00:00,2026-02-01T17:27:43+00:00,True,0,0,0,pick_and_place,0,0,v3.0,so_follower,12,9540,1,,,1000,30,100,200
aDaikiKamata/eval_smolvla_so101_pp_donuts,aDaikiKamata,25,0,2026-01-30T18:45:33+00:00,2026-01-30T18:33:15+00:00,True,0,0,0,pick_and_place,0,0,v3.0,so_follower,10,5839,1,,,1000,30,100,200
aDaikiKamata/so101_pp_donuts_v1,aDaikiKamata,24,0,2026-01-30T12:41:27+00:00,2026-01-30T12:40:37+00:00,False,0,0,0,pick_and_place,0,0,v3.0,so_follower,25,17499,1,,,1000,30,100,200
aShunSasaki/so101_pp_blue_box_k_03,aShunSasaki,25,0,2026-02-06T03:03:02+00:00,2026-02-06T03:02:50+00:00,False,0,0,0,pick_and_place,0,0,v3.0,so_follower,50,32902,1,,,1000,30,100,200
aShunSasaki/eval_so101_pp_blue_box_w_a2_eq_policy_01_test_01,aShunSasaki,26,0,2026-02-05T03:52:57+00:00,2026-02-05T02:13:45+00:00,True,0,0,0,pick_and_place,0,0,v3.0,so_follower,120,81064,1,,,1000,30,100,200
aShunSasaki/so101_pp_blue_box_k_01,aShunSasaki,72,0,2026-02-03T12:19:39+00:00,2026-02-03T11:24:07+00:00,False,0,0,0,pick_and_place,0,0,v3.0,so_follower,50,31570,1,,,1000,30,100,200
aShunSasaki/so101_pp_blue_box_v_02,aShunSasaki,20,0,2026-01-26T21:13:28+00:00,2026-01-26T21:13:19+00:00,False,0,0,0,pick_and_place,0,0,v3.0,so101_follower,200,114397,1,,,1000,30,100,200
aShunSasaki/so101_pp_blue_box,aShunSasaki,5,0,2025-12-04T03:45:04+00:00,2025-12-04T03:44:53+00:00,False,0,0,0,pick_and_place,0,0,v3.0,so101_follower,52,25959,1,,,1000,30,100,200
alizaidi/leisaac-pick-orange,alizaidi,27,0,2026-01-18T01:19:00+00:00,2026-01-18T01:18:52+00:00,False,1,0,0,pick_and_place,1,1,v3.0,so101_follower,60,36293,1,,,1000,30,100,200
alizaidi/so101-multi-pick-table-13_20260115_171614,alizaidi,34,0,2026-01-15T23:24:05+00:00,2026-01-15T23:23:51+00:00,False,1,0,0,pick_and_place,1,1,v3.0,so_follower,12,5111,1,,,1000,30,100,200
alizaidi/so101-multi-pick-merged,alizaidi,37,0,2026-01-13T22:06:27+00:00,2026-01-13T20:50:18+00:00,False,1,0,0,pick_and_place,1,1,v3.0,so101_follower,65,38979,3,,,1000,30,100,200
alizaidi/so101-extract-cable,alizaidi,16,0,2025-12-28T08:16:22+00:00,2025-12-28T08:16:03+00:00,False,0,0,0,pick_and_place,0,0,v3.0,so101_follower,15,8311,1,,,1000,30,100,200
alizaidi/so101-multi-pick-table-13_20251228_015404,alizaidi,14,0,2025-12-28T08:03:35+00:00,2025-12-28T08:03:18+00:00,False,1,0,0,pick_and_place,1,1,v3.0,so101_follower,13,5907,1,,,1000,30,100,200
alizaidi/so101-multi-pick-table-13,alizaidi,13,0,2025-12-28T07:45:09+00:00,2025-12-28T07:44:49+00:00,False,1,0,0,pick_and_place,1,1,v3.0,so101_follower,13,6885,1,,,1000,30,100,200
andrele/pickup-ring,andrele,8,0,2025-12-19T03:28:56+00:00,2025-12-18T19:49:17+00:00,False,1,0,0,pick_and_place,1,1,v3.0,so101_follower,50,28573,1,,,1000,30,100,200
andrele/eval_so101_act_pickup_ring,andrele,5,0,2025-12-19T03:06:05+00:00,2025-12-19T02:31:53+00:00,True,1,0,0,pick_and_place,1,1,v3.0,so101_follower,27,18015,1,,,1000,30,100,200
anjalidhabaria/pour_coke_merged_v3,anjalidhabaria,22,0,2026-02-01T03:43:57+00:00,2026-02-01T03:43:51+00:00,False,0,1,0,pour_liquids,1,1,v3.0,so101_follower,90,53644,3,,,1000,15,100,500
anjalidhabaria/pour_coke_static_perturbate,anjalidhabaria,18,0,2026-02-01T03:06:34+00:00,2026-02-01T03:06:15+00:00,False,0,1,0,pour_liquids,1,1,v3.0,so101_follower,90,53644,3,,,1000,15,100,500
anjalidhabaria/pour_coke_perturbate_target,anjalidhabaria,33,0,2026-02-01T02:44:08+00:00,2026-02-01T02:43:49+00:00,False,0,1,0,pour_liquids,1,1,v3.0,so101_follower,20,10692,1,,,1000,15,100,200
anjalidhabaria/pour_coke_perturbate_source,anjalidhabaria,29,0,2026-02-01T01:58:31+00:00,2026-02-01T01:58:01+00:00,False,0,1,0,pour_liquids,1,1,v3.0,so101_follower,20,11531,1,,,1000,15,100,200
anjalidhabaria/pour_negative,anjalidhabaria,27,0,2026-02-01T00:33:46+00:00,2026-01-31T23:45:27+00:00,False,0,1,0,pour_liquids,1,1,v3.0,so101_follower,33,8179,1,,,1000,15,100,200
anjalidhabaria/pour_coke_static,anjalidhabaria,87,4,2026-01-31T22:58:36+00:00,2026-01-31T21:09:13+00:00,False,0,1,0,pour_liquids,1,1,v3.0,so101_follower,50,31421,1,,,1000,15,100,200
anjalidhabaria/pick_and_place_tapes_16_episodes,anjalidhabaria,56,0,2026-01-17T02:53:43+00:00,2026-01-17T02:52:33+00:00,False,2,0,0,pick_and_place,2,2,v3.0,so101_follower,16,4558,1,,,1000,15,100,200
anjalidhabaria/pick_and_place_tapes_15hz,anjalidhabaria,15,0,2026-01-12T03:56:51+00:00,2026-01-12T03:56:17+00:00,False,2,0,0,pick_and_place,2,2,v3.0,so101_follower,10,3168,1,,,1000,15,100,200
apal99/so101_test,apal99,17,0,2026-02-09T14:00:51+00:00,2026-02-09T14:00:35+00:00,False,0,0,0,pick_and_place,0,0,v3.0,so_follower,25,31277,1,,,1000,30,100,200
apal99/record-test-4,apal99,27,0,2026-02-09T12:28:43+00:00,2026-02-09T12:25:40+00:00,False,0,0,0,pick_and_place,0,0,v3.0,so_follower,10,12353,1,,,1000,30,100,200
apal99/record-test-3,apal99,30,0,2026-02-09T12:08:14+00:00,2026-02-09T12:05:43+00:00,False,0,0,0,pick_and_place,0,0,v3.0,so_follower,10,11425,1,,,1000,30,100,200
arminfg/pickup_redtogreen,arminfg,45,0,2026-02-05T07:50:53+00:00,2026-02-05T07:22:14+00:00,False,1,0,0,pick_and_place,1,1,v3.0,so_follower,26,9762,6,,,1000,30,100,200
arminfg/so101-pick-cube,arminfg,159,0,2026-01-22T07:48:41+00:00,2026-01-17T10:22:13+00:00,False,2,0,0,pick_and_place,2,2,v3.0,so_follower,83,20732,13,,,1000,30,100,200
bestak/so101-banana-grab-and-place-40,bestak,61,0,2026-01-22T09:56:56+00:00,2026-01-22T09:56:34+00:00,False,1,0,0,pick_and_place,1,1,v3.0,so101_follower,40,26666,1,,,1000,30,100,200
bestak/so101-reach-cup2,bestak,43,0,2026-01-20T11:37:46+00:00,2026-01-20T11:37:36+00:00,False,0,1,0,pour_liquids,1,1,v3.0,so101_follower,25,7410,1,,,1000,30,100,200
bluephysi01/e0509_01,bluephysi01,46,0,2026-02-10T09:04:36+00:00,2026-02-10T06:35:46+00:00,False,0,0,0,pick_and_place,0,0,v3.0,so101_follower,40,17101,1,,,1000,5,100,500
bluephysi01/hackathon_05,bluephysi01,87,0,2026-02-07T18:10:50+00:00,2026-02-07T11:09:08+00:00,False,0,0,0,pick_and_place,0,0,v3.0,bi_so_follower,200,202065,1,,,1000,30,100,200
bluephysi01/hackathon_04,bluephysi01,53,0,2026-02-07T10:39:13+00:00,2026-02-07T07:24:31+00:00,False,0,0,0,pick_and_place,0,0,v3.0,bi_so_follower,50,103880,1,,,1000,30,100,200
bluephysi01/hackathon_03,bluephysi01,19,0,2026-02-07T06:10:23+00:00,2026-02-07T06:09:12+00:00,False,0,0,0,pick_and_place,0,0,v3.0,bi_so_follower,10,13024,1,,,1000,30,100,200
bluephysi01/hackathon_02,bluephysi01,25,0,2026-02-07T05:21:09+00:00,2026-02-07T05:10:44+00:00,False,0,0,0,pick_and_place,0,0,v3.0,bi_so_follower,10,23637,1,,,1000,30,100,200
bluephysi01/hackathon_01,bluephysi01,36,0,2026-02-07T03:16:48+00:00,2026-02-07T02:59:02+00:00,False,0,0,0,pick_and_place,0,0,v3.0,bi_so_follower,10,10670,1,,,1000,30,100,200
bluephysi01/so101_test43,bluephysi01,53,0,2026-02-06T06:58:45+00:00,2026-02-06T02:27:30+00:00,False,0,0,0,pick_and_place,0,0,v3.0,bi_so_follower,75,67592,1,,,1000,30,100,200
bluephysi01/so101_test42,bluephysi01,79,0,2026-02-05T06:02:04+00:00,2026-02-04T11:11:20+00:00,False,0,0,0,pick_and_place,0,0,v3.0,bi_so_follower,90,63847,1,,,1000,30,100,200
bluephysi01/so101_test40,bluephysi01,29,0,2026-02-02T11:17:20+00:00,2026-02-02T11:17:01+00:00,False,0,0,0,pick_and_place,0,0,v3.0,bi_so_follower,50,17550,1,,,1000,15,100,200
bluephysi01/so101_test39,bluephysi01,43,0,2026-02-02T10:08:13+00:00,2026-02-02T10:07:51+00:00,False,0,0,0,pick_and_place,0,0,v3.0,bi_so_follower,50,14280,1,,,1000,15,100,200
bluephysi01/so101_test36,bluephysi01,35,0,2026-01-22T10:27:30+00:00,2026-01-22T10:27:11+00:00,False,0,0,0,pick_and_place,0,0,v3.0,so101_follower,20,1500,1,,,1000,5,100,500
bluephysi01/so101_test35,bluephysi01,41,0,2026-01-21T10:00:13+00:00,2026-01-21T10:00:00+00:00,False,0,0,0,pick_and_place,0,0,v3.0,so101_follower,10,5401,1,,,1000,30,100,500
bluephysi01/so101_test32,bluephysi01,21,0,2025-12-13T02:46:00+00:00,2025-12-13T02:45:22+00:00,False,0,0,0,pick_and_place,0,0,v3.0,so101_follower,50,10072,1,,,1000,5,100,500
bluephysi01/so101_test28,bluephysi01,15,0,2025-12-12T07:52:12+00:00,2025-12-04T06:33:00+00:00,False,0,0,0,pick_and_place,0,0,v3.0,so101_follower,100,7486,1,,,1000,5,100,500
bluephysi01/so101_test31,bluephysi01,15,0,2025-12-11T05:29:04+00:00,2025-12-11T05:26:03+00:00,False,0,0,0,pick_and_place,0,0,v3.0,so101_follower,100,73203,1,,,1000,30,100,500
bluephysi01/so101_test30,bluephysi01,13,0,2025-12-10T01:01:54+00:00,2025-12-10T01:01:15+00:00,False,0,0,0,pick_and_place,0,0,v3.0,so101_follower,50,12429,1,,,1000,30,100,500
bluephysi01/so101_test29,bluephysi01,10,0,2025-12-04T14:02:21+00:00,2025-12-04T14:01:31+00:00,False,0,0,0,pick_and_place,0,0,v3.0,so101_follower,50,3721,1,,,1000,5,100,500
bluephysi01/so101_test27,bluephysi01,6,0,2025-12-03T14:53:01+00:00,2025-12-03T14:52:36+00:00,False,0,0,0,pick_and_place,0,0,v3.0,so101_follower,50,3726,1,,,1000,5,100,500
bluephysi01/eval_act_so101_test26,bluephysi01,8,0,2025-11-29T01:19:40+00:00,2025-11-29T01:19:30+00:00,True,0,0,0,pick_and_place,0,0,v3.0,so101_follower,10,750,1,,,1000,5,100,500
bluephysi01/so101_test26,bluephysi01,10,0,2025-11-28T11:58:40+00:00,2025-11-28T11:55:36+00:00,False,0,0,0,pick_and_place,0,0,v3.0,so101_follower,50,3750,1,,,1000,5,100,500
boat1470/record-test,boat1470,8,0,2026-01-08T07:12:50+00:00,2026-01-08T06:34:50+00:00,False,0,0,0,pick_and_place,0,0,v3.0,so101_follower,50,25399,1,,,1000,30,100,200
brukg07/so100,brukg07,41,0,2026-01-19T18:57:22+00:00,2026-01-19T18:52:00+00:00,False,0,0,0,pick_and_place,0,0,v3.0,so100_follower,10,1601,1,,,1000,30,100,200
bybifoc/act_so101_test,bybifoc,9,0,2026-02-14T20:53:40+00:00,2026-02-14T20:26:02+00:00,False,0,0,0,pick_and_place,0,0,v3.0,so_follower,25,15641,1,,,1000,30,100,200
danbhf/move_the_block_from_the_left_o_20251124_233735,danbhf,14,0,2025-11-29T14:37:14+00:00,2025-11-25T00:07:28+00:00,False,0,0,0,pick_and_place,0,0,v3.0,so100_follower,50,2837,1,,,1000,5,100,500
danbhf/pick_place_training_20251123_141805,danbhf,2,0,2025-11-23T14:26:22+00:00,2025-11-23T14:26:15+00:00,False,2,0,0,pick_and_place,2,2,v3.0,so100_follower,10,5250,6,,,1000,30,100,500
dandantangpopo/record-202602125,dandantangpopo,13,0,2026-02-12T21:27:17+00:00,2026-02-12T21:26:20+00:00,False,0,0,0,pick_and_place,0,0,v3.0,so101_follower,20,5896,1,,,1000,30,100,200
dandantangpopo/record-20251231,dandantangpopo,15,0,2025-12-31T19:39:51+00:00,2025-12-31T19:39:10+00:00,False,0,0,0,pick_and_place,0,0,v3.0,so101_follower,10,3341,1,,,1000,30,100,200
dandantangpopo/record-20251229-PM,dandantangpopo,5,0,2025-12-29T22:23:41+00:00,2025-12-29T22:21:51+00:00,False,0,0,0,pick_and_place,0,0,v3.0,so101_follower,25,8875,1,,,1000,30,100,200
dandantangpopo/merged-20251229AM2,dandantangpopo,11,0,2025-12-29T18:46:45+00:00,2025-12-29T18:46:40+00:00,False,0,0,0,pick_and_place,0,0,v3.0,so101_follower,40,13920,1,,,1000,30,100,200
dandantangpopo/merged-20251229AM,dandantangpopo,8,0,2025-12-29T18:07:20+00:00,2025-12-29T18:07:14+00:00,False,0,0,0,pick_and_place,0,0,v3.0,so101_follower,40,13920,1,,,1000,30,100,200
dandantangpopo/record-20251229-3,dandantangpopo,4,0,2025-12-29T17:59:08+00:00,2025-12-29T17:58:28+00:00,False,0,0,0,pick_and_place,0,0,v3.0,so101_follower,10,3269,1,,,1000,30,100,200
dandantangpopo/record-20251229-2,dandantangpopo,13,0,2025-12-29T17:53:10+00:00,2025-12-29T17:52:29+00:00,False,0,0,0,pick_and_place,0,0,v3.0,so101_follower,10,3481,1,,,1000,30,100,200
dandantangpopo/record-20251229-1,dandantangpopo,13,0,2025-12-29T17:46:46+00:00,2025-12-29T17:46:01+00:00,False,0,0,0,pick_and_place,0,0,v3.0,so101_follower,10,3689,1,,,1000,30,100,200
dandantangpopo/record-20251228,dandantangpopo,4,0,2025-12-29T03:51:30+00:00,2025-12-29T03:50:50+00:00,False,0,0,0,pick_and_place,0,0,v3.0,so101_follower,10,3481,1,,,1000,30,100,200
dboemer/so101-blue-brick-50-episodes,dboemer,9,0,2025-12-29T14:03:56+00:00,2025-12-28T21:06:39+00:00,False,0,0,0,pick_and_place,0,0,v3.0,so101_follower,50,21257,1,,,1000,30,100,200
dctian/record-test-4,dctian,36,0,2026-02-10T06:12:22+00:00,2026-02-10T04:17:20+00:00,False,0,0,0,pick_and_place,0,0,v3.0,so_follower,50,21517,1,,,1000,30,100,200
dctian/record-test-3,dctian,29,0,2026-02-08T07:00:00+00:00,2026-02-08T04:44:26+00:00,False,0,0,0,pick_and_place,0,0,v3.0,so_follower,50,21665,1,,,1000,30,100,200
dokans/record-test35,dokans,24,0,2026-01-22T12:08:49+00:00,2026-01-22T12:08:44+00:00,False,0,0,0,pick_and_place,0,0,v3.0,so101_follower,57,21587,1,,,1000,30,100,200
dokans/record-test31,dokans,31,0,2026-01-22T11:48:02+00:00,2026-01-22T11:44:51+00:00,False,0,0,0,pick_and_place,0,0,v3.0,so101_follower,10,4440,1,,,1000,30,100,200
dokans/record-test34,dokans,42,0,2026-01-22T11:32:08+00:00,2026-01-22T11:31:56+00:00,False,0,0,0,pick_and_place,0,0,v3.0,so101_follower,38,13629,1,,,1000,30,100,200
dokans/record-test29,dokans,34,0,2026-01-22T09:32:19+00:00,2026-01-22T09:32:09+00:00,False,0,0,0,pick_and_place,0,0,v3.0,so101_follower,25,4957,1,,,1000,30,100,200
dokans/record-test14,dokans,35,0,2026-01-20T11:51:48+00:00,2026-01-20T11:51:32+00:00,False,0,0,0,pick_and_place,0,0,v3.0,so101_follower,19,3325,1,,,1000,30,100,200
doldolee/eval_smolvla_ppcc_0211,doldolee,30,0,2026-02-11T12:18:22+00:00,2026-02-11T12:17:07+00:00,True,0,0,0,pick_and_place,0,0,v3.0,so101_follower,10,8295,1,,,1000,30,100,200
doldolee/eval_smolvla_ppcc_0210,doldolee,30,0,2026-02-11T11:01:04+00:00,2026-02-11T10:59:54+00:00,True,0,0,0,pick_and_place,0,0,v3.0,so101_follower,10,8421,1,,,1000,30,100,200
doldolee/pick_and_place_cleaning_cloth_0210,doldolee,37,0,2026-02-10T10:20:21+00:00,2026-02-10T10:19:51+00:00,False,2,0,1,pick_and_place,2,3,v3.0,so101_follower,40,21138,1,,,1000,30,100,200
doldolee/eval_smolvla_0203_test,doldolee,28,0,2026-02-03T09:57:57+00:00,2026-02-03T09:57:33+00:00,True,0,0,0,pick_and_place,0,0,v3.0,so101_follower,10,8649,1,,,1000,30,100,200
doldolee/smolvla_traj_0131,doldolee,36,0,2026-01-31T06:33:05+00:00,2026-01-31T06:32:34+00:00,False,0,0,0,pick_and_place,0,0,v3.0,so101_follower,40,22883,1,,,1000,30,100,200
doldolee/record-test,doldolee,3,0,2026-01-07T07:41:01+00:00,2026-01-07T07:40:36+00:00,False,0,0,0,pick_and_place,0,0,v3.0,so101_follower,10,12767,1,,,1000,30,100,500
dpak0724/so101_three_cam_combined,dpak0724,27,0,2026-02-11T14:41:47+00:00,2026-02-11T14:41:01+00:00,False,0,0,0,pick_and_place,0,0,v3.0,so_follower,99,64495,1,,,1000,30,100,200
dpak0724/so101_three_cam_test,dpak0724,81,0,2026-02-11T14:23:44+00:00,2026-02-11T14:20:16+00:00,False,0,0,0,pick_and_place,0,0,v3.0,so_follower,50,35196,1,,,1000,30,100,200
dpak0724/so101_three_cam_v2,dpak0724,42,0,2026-02-11T11:02:44+00:00,2026-02-11T09:52:44+00:00,False,0,0,0,pick_and_place,0,0,v3.0,so_follower,49,29299,1,,,1000,30,100,200
dpak0724/so101_two_cam_test,dpak0724,86,0,2026-01-21T11:02:44+00:00,2026-01-21T10:54:15+00:00,False,0,0,0,pick_and_place,0,0,v3.0,so_follower,50,27461,1,,,1000,30,100,200
dpak0724/so101_test_dataset,dpak0724,61,0,2026-01-20T13:06:26+00:00,2026-01-20T09:32:26+00:00,False,0,0,0,pick_and_place,0,0,v3.0,so101_follower,30,26852,1,,,1000,30,100,200
dtakehara/so101_v042_12,dtakehara,20,0,2026-02-06T09:45:54+00:00,2026-02-06T09:45:25+00:00,False,0,0,0,pick_and_place,0,0,v3.0,so101_follower,50,14478,1,,,1000,30,100,200
dtakehara/so101_v042_11,dtakehara,18,0,2026-02-06T08:50:57+00:00,2026-02-06T08:50:23+00:00,False,0,0,0,pick_and_place,0,0,v3.0,so101_follower,50,14497,1,,,1000,30,100,200
dtakehara/so101_v042_10,dtakehara,31,0,2026-02-06T08:15:35+00:00,2026-02-06T08:13:38+00:00,False,0,0,0,pick_and_place,0,0,v3.0,so101_follower,60,17395,1,,,1000,30,100,200
dtakehara/so101_v042_05,dtakehara,15,0,2026-01-30T13:33:44+00:00,2026-01-30T13:33:08+00:00,False,0,0,0,pick_and_place,0,0,v3.0,so101_follower,42,12205,1,,,1000,30,100,200
dtakehara/so101_v042_04,dtakehara,15,0,2026-01-30T13:11:05+00:00,2026-01-30T13:07:37+00:00,False,0,0,0,pick_and_place,0,0,v3.0,so101_follower,52,15072,1,,,1000,30,100,200
dtakehara/so101_v042_03,dtakehara,23,0,2026-01-30T12:38:47+00:00,2026-01-30T12:35:33+00:00,False,0,0,0,pick_and_place,0,0,v3.0,so101_follower,31,8999,1,,,1000,30,100,200
dtakehara/so101_v042_02,dtakehara,23,0,2026-01-16T11:57:52+00:00,2026-01-16T11:57:07+00:00,False,0,0,0,pick_and_place,0,0,v3.0,so101_follower,50,14512,1,,,1000,30,100,200
dtakehara/so101_v042_01,dtakehara,13,0,2025-12-29T06:22:01+00:00,2025-12-29T06:21:19+00:00,False,0,0,0,pick_and_place,0,0,v3.0,so101_follower,50,14447,1,,,1000,30,100,200
faye7/so101-data2,faye7,6,0,2026-01-05T09:52:25+00:00,2026-01-05T09:06:14+00:00,False,0,0,0,pick_and_place,0,0,v3.0,so101_follower,55,26729,1,,,1000,30,100,200
fw-bot/SO101_pick_up_orange_cube_50,fw-bot,22,0,2026-02-05T15:58:50+00:00,2026-02-05T15:57:57+00:00,False,2,0,0,pick_and_place,2,2,v3.0,so_follower,34,28407,1,,,1000,30,100,200
gainz248ai/eval_so101_ACTLego_40k,gainz248ai,29,0,2026-01-14T15:17:31+00:00,2026-01-12T01:01:01+00:00,True,0,0,0,pick_and_place,0,0,v3.0,so101_follower,29,19193,1,,,1000,30,100,200
gainz248ai/so101_lego_LGbox,gainz248ai,15,0,2026-01-11T22:44:03+00:00,2026-01-11T22:42:27+00:00,False,0,0,0,pick_and_place,0,0,v3.0,so101_follower,60,44338,1,,,1000,30,100,200
gainz248ai/so101_v3.0.1,gainz248ai,26,0,2026-01-11T17:45:36+00:00,2026-01-11T17:45:33+00:00,False,0,0,0,pick_and_place,0,0,v3.0,so101_follower,25,21622,1,,,1000,30,100,200
gainz248ai/so101_v3.0,gainz248ai,3,0,2026-01-09T06:30:03+00:00,2026-01-09T06:30:01+00:00,False,0,0,0,pick_and_place,0,0,v3.0,so101_follower,10,8328,1,,,1000,30,100,200
gannbayar/so101_sorting_3cam_480p_cropped_resized,gannbayar,7,0,2026-01-28T18:07:55+00:00,2026-01-28T18:07:36+00:00,False,0,0,0,pick_and_place,0,0,v3.0,so101_follower,51,57395,1,,,1000,30,100,200
gannbayar/so101_sorting_3cam_480p,gannbayar,62,0,2026-01-18T12:11:36+00:00,2026-01-18T09:25:32+00:00,False,0,0,0,pick_and_place,0,0,v3.0,so101_follower,51,57395,1,,,1000,30,100,200
gannbayar/so101_sorting_2cam,gannbayar,13,0,2026-01-06T17:57:20+00:00,2026-01-06T12:05:19+00:00,False,0,0,0,pick_and_place,0,0,v3.0,so101_follower,49,54068,1,,,1000,30,100,200
gpriess/so-101-test-2,gpriess,12,0,2026-02-14T01:23:08+00:00,2026-02-14T01:22:48+00:00,False,0,0,0,pick_and_place,0,0,v3.0,so_follower,50,25536,1,,,1000,30,100,200
grahamwichhh/eval_v2_so101_lego-to-mug_50ep,grahamwichhh,34,0,2026-01-23T18:00:59+00:00,2026-01-23T18:00:42+00:00,True,0,0,0,pick_and_place,0,0,v3.0,so_follower,50,35178,1,,,1000,30,100,200
grahamwichhh/eval_so101_lego-to-mug_50ep,grahamwichhh,46,0,2026-01-20T21:03:02+00:00,2026-01-15T22:34:50+00:00,True,0,0,0,pick_and_place,0,0,v3.0,so101_follower,50,42893,1,,,1000,30,100,200
helloworld26/so101_pick_place_2cam,helloworld26,65,0,2026-02-13T08:17:24+00:00,2026-02-13T07:16:55+00:00,False,2,0,0,pick_and_place,2,2,v3.0,so_follower,53,18595,1,,,1000,30,100,200
helloworld26/so101_pick_place_arm_camera,helloworld26,38,0,2026-02-11T12:55:42+00:00,2026-02-11T12:55:20+00:00,False,2,0,0,pick_and_place,2,2,v3.0,so_follower,50,27393,1,,,1000,30,100,200
infoslack/SO-101-SMOLVLA-500,infoslack,239,0,2026-01-17T16:19:10+00:00,2026-01-16T15:26:07+00:00,False,0,0,0,pick_and_place,0,0,v3.0,so101_follower,202,157501,2,,,1000,30,100,200
infoslack/SO-101-SMOLVLA-BIG,infoslack,80,0,2026-01-15T02:38:43+00:00,2026-01-14T19:46:27+00:00,False,0,0,0,pick_and_place,0,0,v3.0,so101_follower,250,195461,7,,,1000,30,100,200
infoslack/SO-101-ACT-big,infoslack,26,0,2026-01-10T20:14:55+00:00,2026-01-10T18:57:44+00:00,False,0,0,0,pick_and_place,0,0,v3.0,so101_follower,80,46835,1,,,1000,30,100,200
infoslack/SO-101-ACT-test,infoslack,9,0,2026-01-09T15:20:08+00:00,2026-01-09T15:06:09+00:00,False,0,0,0,pick_and_place,0,0,v3.0,so101_follower,10,7141,1,,,1000,30,100,200
jadechoghari/pgen-annotations,jadechoghari,10,0,2025-12-16T12:26:24+00:00,2025-12-16T12:25:20+00:00,False,0,0,0,pick_and_place,0,0,v3.0,so100_follower,50,11939,1,,,1000,30,100,200
jadechoghari/lerobot-pgen-svla,jadechoghari,7,0,2025-12-09T15:49:04+00:00,2025-12-09T15:47:59+00:00,False,0,0,0,pick_and_place,0,0,v3.0,so100_follower,50,11939,1,,,1000,30,100,200
jadechoghari/lerobot-tasks,jadechoghari,6,0,2025-12-08T14:21:25+00:00,2025-12-08T14:21:16+00:00,False,0,0,0,pick_and_place,0,0,v3.0,so100_follower,50,11939,1,,,1000,30,100,500
jonathm126/eval_so101_car_pick_and_place_96_episodes_v0_real_v0,jonathm126,35,0,2026-02-07T20:45:38+00:00,2026-02-07T19:36:16+00:00,True,2,0,0,pick_and_place,2,2,v3.0,so101_follower,157,119719,1,,,1000,30,100,500
jonathm126/eval_so101_car_pick_and_place-96_episodes_v0-real_v0,jonathm126,47,0,2026-02-07T17:55:48+00:00,2026-01-31T14:12:29+00:00,True,2,0,0,pick_and_place,2,2,v3.0,so101_follower,115,87933,1,,,1000,30,100,500
jonathm126/eval_so101_pick_pen_v5_real_v0,jonathm126,25,0,2026-02-07T09:42:20+00:00,2026-02-07T09:22:29+00:00,True,1,0,0,pick_and_place,1,1,v3.0,so101_follower,20,16006,1,,,1000,30,100,500
jonathm126/eval_so101_pick_pen_v4_real_v0,jonathm126,78,0,2026-02-07T09:13:51+00:00,2026-02-06T15:38:39+00:00,True,1,0,0,pick_and_place,1,1,v3.0,so101_follower,81,59526,1,,,1000,30,100,500
jonathm126/eval_so101_pick_pen_25_episodes_v0_real_v0,jonathm126,23,0,2026-02-06T15:34:06+00:00,2026-02-06T15:18:47+00:00,True,1,0,0,pick_and_place,1,1,v3.0,so101_follower,20,16182,1,,,1000,30,100,500
jonathm126/eval_so101_pick_pen_v3_real_v0,jonathm126,24,0,2026-02-06T15:11:41+00:00,2026-02-06T14:45:57+00:00,True,1,0,0,pick_and_place,1,1,v3.0,so101_follower,20,16637,1,,,1000,30,100,500
jonathm126/eval_so101_car_pick_and_place_96_episodes_v1_real_v0,jonathm126,22,0,2026-02-06T14:37:08+00:00,2026-02-06T13:32:07+00:00,True,2,0,0,pick_and_place,2,2,v3.0,so101_follower,24,16048,1,,,1000,30,100,500
jonathm126/eval_so101_car_pick_and_place_25_episodes_v0_real_v0,jonathm126,18,0,2026-02-06T12:51:25+00:00,2026-02-06T12:33:59+00:00,True,2,0,0,pick_and_place,2,2,v3.0,so101_follower,24,18530,1,,,1000,30,100,500
jonathm126/eval_so101_car_pick_and_place_50_episodes_v4_real_v0,jonathm126,18,0,2026-02-06T11:59:16+00:00,2026-02-06T11:43:36+00:00,True,2,0,0,pick_and_place,2,2,v3.0,so101_follower,24,16071,1,,,1000,30,100,500
jonathm126/so101_pick_pen,jonathm126,50,0,2026-02-05T19:22:39+00:00,2025-11-29T09:59:02+00:00,False,1,0,0,pick_and_place,1,1,v3.0,so101_follower,76,51908,1,,,1000,30,100,500
jonathm126/so101_car_pick_and_place-bbox,jonathm126,47,0,2026-02-03T08:12:14+00:00,2025-11-24T20:37:00+00:00,False,2,0,0,pick_and_place,2,2,v3.0,so101_follower,98,67279,2,,,1000,30,100,500
jonathm126/so101_car_pick_and_place,jonathm126,66,0,2026-01-30T16:51:28+00:00,2025-10-02T13:47:47+00:00,False,2,0,0,pick_and_place,2,2,v3.0,so101_follower,98,67279,2,,,1000,30,100,500
jonathm126/so101_pick_pen-bbox,jonathm126,13,0,2026-01-03T13:15:05+00:00,2025-11-29T21:21:26+00:00,False,1,0,0,pick_and_place,1,1,v3.0,so101_follower,51,35904,1,,,1000,30,100,500
jonathm126/eval_so101_pick_pen-v0-real_v0,jonathm126,7,0,2026-01-03T12:10:12+00:00,2026-01-03T12:09:24+00:00,True,1,0,0,pick_and_place,1,1,v3.0,so101_follower,19,22616,1,,,1000,30,100,500
jonathm126/eval_so101_car_pick_and_place-bbox_yolo_v2-real_v0,jonathm126,23,0,2025-11-29T08:07:28+00:00,2025-11-29T08:06:59+00:00,True,2,0,0,pick_and_place,2,2,v3.0,so101_follower,11,14475,1,,,1000,30,100,500
jonathm126/eval_so101_car_pick_and_place-bbox_yolo_v1-real_v0,jonathm126,6,0,2025-11-28T12:58:40+00:00,2025-11-28T12:21:35+00:00,True,2,0,0,pick_and_place,2,2,v3.0,so101_follower,24,24619,1,,,1000,30,100,500
jonathm126/eval_so101_car_pick_and_place-bbox_yolo_v0-real_v0,jonathm126,18,0,2025-11-26T21:48:07+00:00,2025-11-26T20:57:58+00:00,True,2,0,0,pick_and_place,2,2,v3.0,so101_follower,25,23131,1,,,1000,30,100,500
juyoungggg/lerobot-dataset,juyoungggg,14,0,2026-01-30T05:20:53+00:00,2026-01-30T05:05:03+00:00,False,0,0,0,pick_and_place,0,0,v3.0,so_follower,10,8036,1,,,1000,30,100,200
k0i5hi/grab_the_eraser,k0i5hi,8,0,2025-12-29T03:40:56+00:00,2025-12-29T03:40:25+00:00,False,0,0,0,pick_and_place,0,0,v3.0,so101_follower,100,36498,1,,,1000,30,100,500
kageee/so101_eraser_cup_main,kageee,26,0,2026-02-03T23:38:17+00:00,2026-02-03T22:54:04+00:00,False,0,1,0,pour_liquids,1,1,v3.0,so101_follower,15,13108,1,,,1000,30,100,200
kageee/eval_so101_eraser_cup,kageee,27,0,2026-02-03T22:31:37+00:00,2026-02-03T22:13:15+00:00,True,0,1,0,pour_liquids,1,1,v3.0,so101_follower,10,7983,1,,,1000,30,100,200
kageee/so101_eraser_cup,kageee,44,0,2026-02-02T23:22:37+00:00,2026-02-02T22:23:44+00:00,False,0,1,0,pour_liquids,1,1,v3.0,so101_follower,10,8783,1,,,1000,30,100,200
kheyal/eval_so101_test,kheyal,31,0,2026-02-06T21:00:51+00:00,2026-02-06T20:59:11+00:00,True,0,0,0,pick_and_place,0,0,v3.0,so101_follower,12,13365,1,,,1000,30,100,200
kimyeji/tuna_blue,kimyeji,96,0,2026-01-20T07:29:49+00:00,2026-01-20T06:22:26+00:00,False,0,0,0,pick_and_place,0,0,v3.0,so_follower,101,38061,10,,,1000,30,100,200
kimyeji/tuna,kimyeji,24,0,2026-01-16T07:59:51+00:00,2026-01-16T07:21:06+00:00,False,0,0,0,pick_and_place,0,0,v3.0,so_follower,45,16961,1,,,1000,30,100,200
kinghanse/pick_pack,kinghanse,110,0,2026-01-31T13:43:57+00:00,2026-01-30T19:39:42+00:00,False,1,0,0,pick_and_place,1,1,v3.0,bi_so_follower,41,119563,1,,,1000,30,100,200
kinghanse/pick_lego_test,kinghanse,31,0,2026-01-24T03:36:33+00:00,2026-01-24T03:27:24+00:00,False,1,0,0,pick_and_place,1,1,v3.0,so101_follower,10,4393,1,,,1000,30,100,500
kinghanse/pick_and_place_50epi,kinghanse,38,0,2026-01-22T03:31:07+00:00,2026-01-22T03:08:43+00:00,False,2,0,0,pick_and_place,2,2,v3.0,so101_follower,51,19218,1,,,1000,30,100,500
kinghanse/kangsumin_test,kinghanse,7,0,2026-01-07T13:07:45+00:00,2026-01-07T13:07:25+00:00,False,0,0,0,pick_and_place,0,0,v3.0,so101_follower,10,2414,1,,,1000,30,100,200
kinghanse/RedCube_OtherCube_100epi,kinghanse,12,0,2025-12-04T03:18:18+00:00,2025-12-04T01:59:49+00:00,False,1,0,0,pick_and_place,1,1,v3.0,so101_follower,100,29453,1,,,1000,30,100,200
kinghanse/RedCube_OtherCube_50epi,kinghanse,14,0,2025-12-02T08:17:01+00:00,2025-12-02T08:02:08+00:00,False,1,0,0,pick_and_place,1,1,v3.0,so101_follower,50,14729,1,,,1000,30,100,200
kinghanse/place_on_blue_cock,kinghanse,10,0,2025-12-01T10:28:44+00:00,2025-11-27T07:48:44+00:00,False,1,0,0,pick_and_place,1,1,v3.0,so101_follower,100,44121,1,,,1000,30,100,200
kinghanse/place_on_purple_paper,kinghanse,6,0,2025-12-01T09:43:52+00:00,2025-11-27T08:31:22+00:00,False,1,0,0,pick_and_place,1,1,v3.0,so101_follower,100,43638,1,,,1000,30,100,200
kinghanse/place_on_gray_cube,kinghanse,10,0,2025-11-27T01:22:14+00:00,2025-11-27T01:01:50+00:00,False,2,0,0,pick_and_place,2,2,v3.0,so101_follower,50,22062,1,,,1000,30,100,200
kinghanse/place_on_red_cube,kinghanse,9,0,2025-11-26T03:04:12+00:00,2025-11-26T02:45:08+00:00,False,2,0,0,pick_and_place,2,2,v3.0,so101_follower,50,22058,1,,,1000,30,100,500
kinghanse/pick_the_red_color_cube_and_place_red_zone,kinghanse,10,0,2025-11-24T05:57:22+00:00,2025-11-24T04:40:27+00:00,False,3,0,0,pick_and_place,3,3,v3.0,so101_follower,51,41217,1,,,1000,30,100,500
kissyour/my_smolvla_test02,kissyour,27,0,2026-02-14T06:51:55+00:00,2026-02-14T02:40:15+00:00,False,0,0,0,pick_and_place,0,0,v3.0,so_follower,50,17641,1,,,1000,30,100,200
kissyour/so101-test02,kissyour,17,0,2026-01-28T05:50:25+00:00,2026-01-28T05:00:26+00:00,False,0,0,0,pick_and_place,0,0,v3.0,so_follower,50,21537,1,,,1000,30,100,200
leafsmomo/so101_card_data_v21,leafsmomo,34,0,2026-02-10T02:20:53+00:00,2026-02-10T02:07:58+00:00,False,0,0,0,pick_and_place,0,0,v3.0,so_follower,20,6017,1,,,1000,30,100,200
leafsmomo/so101_card_data_v16,leafsmomo,23,0,2026-02-09T09:56:33+00:00,2026-02-09T09:56:19+00:00,False,0,0,0,pick_and_place,0,0,v3.0,so_follower,10,3030,1,,,1000,30,100,200
leafsmomo/so101_card_data_v15,leafsmomo,23,0,2026-02-09T09:38:35+00:00,2026-02-09T09:37:52+00:00,False,0,0,0,pick_and_place,0,0,v3.0,so_follower,20,6139,1,,,1000,30,100,200
leafsmomo/so101_card_data_v13,leafsmomo,22,0,2026-02-05T06:21:31+00:00,2026-02-05T06:21:03+00:00,False,0,0,0,pick_and_place,0,0,v3.0,so_follower,20,8024,1,,,1000,30,100,200
leafsmomo/so101_card_data_v8,leafsmomo,30,0,2026-02-03T08:43:41+00:00,2026-02-03T08:43:16+00:00,False,0,0,0,pick_and_place,0,0,v3.0,so_follower,20,9333,1,,,1000,30,100,200
leafsmomo/so101_card_data_v2,leafsmomo,31,0,2026-02-03T06:11:58+00:00,2026-02-03T06:11:29+00:00,False,0,0,0,pick_and_place,0,0,v3.0,so_follower,20,13036,1,,,1000,30,100,200
leafsmomo/so101_card_data_20,leafsmomo,33,0,2026-02-03T03:46:56+00:00,2026-02-03T03:30:33+00:00,False,0,0,0,pick_and_place,0,0,v3.0,so_follower,10,9279,1,,,1000,30,100,200
leafsmomo/so101_mydata,leafsmomo,46,0,2026-02-02T03:37:36+00:00,2026-02-02T03:01:14+00:00,False,0,0,0,pick_and_place,0,0,v3.0,so_follower,19,15846,1,,,1000,30,100,200
leafsmomo/bimanual-so101-dataset,leafsmomo,13,0,2026-01-28T06:14:12+00:00,2026-01-28T05:44:16+00:00,False,0,0,0,pick_and_place,0,0,v3.0,bi_so_follower,20,17161,1,,,1000,30,100,200
leafsmomo/my_so101_dataset_demo,leafsmomo,29,0,2026-01-27T08:07:03+00:00,2026-01-27T07:52:23+00:00,False,0,0,0,pick_and_place,0,0,v3.0,so_follower,20,8861,1,,,1000,30,100,200
leafsmomo/my_so101_dataset,leafsmomo,22,0,2026-01-27T07:42:25+00:00,2026-01-27T07:25:38+00:00,False,0,0,0,pick_and_place,0,0,v3.0,so_follower,10,5521,1,,,1000,30,100,200
leafsmomo/demo3,leafsmomo,24,0,2026-01-27T03:20:59+00:00,2026-01-27T01:39:49+00:00,False,0,0,0,pick_and_place,0,0,v3.0,so101_follower,20,11672,1,,,1000,30,100,200
louis126584/eval_so101_diffusion3,louis126584,34,0,2026-02-11T08:14:26+00:00,2026-02-11T07:17:40+00:00,True,0,0,0,pick_and_place,0,0,v3.0,so_follower,10,4434,1,,,1000,30,100,200
louis126584/so101-test6,louis126584,39,0,2026-02-08T08:50:45+00:00,2026-02-08T08:49:51+00:00,False,0,0,0,pick_and_place,0,0,v3.0,so_follower,50,37399,1,,,1000,30,100,200
louis126584/eval_so101_5r1,louis126584,11,0,2026-02-07T08:38:16+00:00,2026-02-07T08:37:36+00:00,True,0,0,0,pick_and_place,0,0,v3.0,so_follower,50,22423,1,,,1000,30,100,200
louis126584/eval_so101_5r,louis126584,15,0,2026-02-07T08:15:53+00:00,2026-02-07T07:34:54+00:00,True,0,0,0,pick_and_place,0,0,v3.0,so_follower,50,22426,1,,,1000,30,100,200
louis126584/so101-test5,louis126584,22,0,2026-02-06T10:24:09+00:00,2026-02-06T09:43:34+00:00,False,0,0,0,pick_and_place,0,0,v3.0,so_follower,136,117829,1,,,1000,30,100,200
louis126584/so101-test4,louis126584,13,0,2026-01-29T10:10:27+00:00,2026-01-29T10:09:36+00:00,False,0,0,0,pick_and_place,0,0,v3.0,so_follower,50,36162,1,,,1000,30,100,200
louis126584/so101-test3,louis126584,13,0,2026-01-28T09:14:50+00:00,2026-01-28T09:14:18+00:00,False,0,0,0,pick_and_place,0,0,v3.0,so_follower,50,22530,1,,,1000,30,100,200
louis126584/eval_so101_3,louis126584,15,0,2026-01-28T08:10:38+00:00,2026-01-28T08:09:21+00:00,True,0,0,0,pick_and_place,0,0,v3.0,so_follower,13,11689,1,,,1000,30,100,200
louis126584/so101_test,louis126584,8,0,2025-11-19T10:18:18+00:00,2025-11-19T10:16:55+00:00,False,0,0,0,pick_and_place,0,0,v3.0,so101_follower,50,30000,1,,,1000,30,100,500
martonbodo/record-train-good,martonbodo,28,0,2026-02-05T12:43:34+00:00,2026-02-05T12:43:03+00:00,False,0,0,0,pick_and_place,0,0,v3.0,so_follower,50,13637,1,,,1000,30,100,200
martonbodo/record-train,martonbodo,24,0,2026-02-05T12:05:45+00:00,2026-02-05T12:05:32+00:00,False,0,0,0,pick_and_place,0,0,v3.0,so_follower,10,3107,1,,,1000,30,100,200
masuzushi28/eval_smolvla_policy-m3,masuzushi28,7,0,2025-11-28T02:09:36+00:00,2025-11-28T01:50:03+00:00,True,0,0,0,pick_and_place,0,0,v3.0,so101_follower,10,3290,1,,,1000,30,100,500
masuzushi28/eval_smolvla_policy-m2,masuzushi28,8,0,2025-11-28T02:00:21+00:00,2025-11-28T02:00:09+00:00,True,0,0,0,pick_and_place,0,0,v3.0,so101_follower,10,3751,1,,,1000,30,100,500
masuzushi28/eval_smolvla_policy-m1,masuzushi28,9,0,2025-11-28T01:42:36+00:00,2025-11-28T01:42:22+00:00,True,0,0,0,pick_and_place,0,0,v3.0,so101_follower,10,2017,1,,,1000,30,100,500
masuzushi28/eval_act_your_dataset,masuzushi28,5,0,2025-11-21T05:48:25+00:00,2025-11-21T05:48:16+00:00,True,0,0,0,pick_and_place,0,0,v3.0,so101_follower,10,2125,1,,,1000,30,100,500
masuzushi28/eval_smolvla_policy-2,masuzushi28,7,0,2025-11-21T05:42:48+00:00,2025-11-21T05:42:33+00:00,True,0,0,0,pick_and_place,0,0,v3.0,so101_follower,10,4912,1,,,1000,30,100,500
masuzushi28/eval_smolvla_policy,masuzushi28,6,0,2025-11-21T05:28:41+00:00,2025-11-21T05:28:33+00:00,True,0,0,0,pick_and_place,0,0,v3.0,so101_follower,10,3451,1,,,1000,30,100,500
masuzushi28/eval_smolvla_policy-m0,masuzushi28,7,0,2025-11-21T05:14:37+00:00,2025-11-21T02:11:24+00:00,True,0,0,0,pick_and_place,0,0,v3.0,so101_follower,10,3141,1,,,1000,30,100,500
mcres/svla_so101_pickplace,mcres,2,0,2026-01-07T08:43:59+00:00,2026-01-07T08:43:54+00:00,False,2,0,0,pick_and_place,2,2,v3.0,so101_follower,50,37566,1,,,1000,30,100,200
mega-joanne/pick-and-place,mega-joanne,31,0,2026-01-30T19:11:01+00:00,2026-01-30T19:09:54+00:00,False,2,0,0,pick_and_place,2,2,v3.0,so_follower,50,37572,1,,,1000,30,100,200
mercu7/50-patty-record,mercu7,3,0,2025-12-22T07:36:38+00:00,2025-12-22T07:34:10+00:00,False,0,0,0,pick_and_place,0,0,v3.0,so101_follower,50,4680,1,,,1000,30,100,200
mfgcvguy/white_cube_11126,mfgcvguy,11,0,2026-01-11T23:06:07+00:00,2026-01-11T23:04:19+00:00,False,1,0,0,pick_and_place,1,1,v3.0,so101_follower,14,18657,1,,,1000,30,100,200
mfgcvguy/svla_so101_pickplace,mfgcvguy,3,0,2026-01-05T00:31:23+00:00,2026-01-05T00:31:22+00:00,False,2,0,0,pick_and_place,2,2,v3.0,so100_follower,50,11939,1,,,1000,30,100,500
mi-kicic/so101_test_orange_pick,mi-kicic,19,0,2026-02-12T13:36:12+00:00,2026-02-12T13:28:20+00:00,False,1,0,0,pick_and_place,1,1,v3.0,so101_follower,10,2873,1,,,1000,30,100,200
mi-kicic/so101_ds2,mi-kicic,62,0,2026-02-10T15:45:19+00:00,2026-02-09T14:19:17+00:00,False,0,0,0,pick_and_place,0,0,v3.0,so_follower,50,28457,1,,,1000,30,100,200
mzidan101/in_box0-black_ball,mzidan101,32,0,2026-01-01T16:03:27+00:00,2026-01-01T16:01:38+00:00,False,0,0,0,pick_and_place,0,0,v3.0,so101_follower,70,22026,1,,,1000,30,100,200
mzidan101/in_box01,mzidan101,49,0,2026-01-01T01:57:36+00:00,2026-01-01T01:53:57+00:00,False,0,0,0,pick_and_place,0,0,v3.0,so101_follower,56,43814,1,,,1000,30,100,200
prontjiang/record-gbad_2cam_foam,prontjiang,29,0,2026-01-10T01:21:38+00:00,2026-01-01T22:04:43+00:00,False,0,0,0,pick_and_place,0,0,v3.0,so101_follower,80,36106,1,,,1000,30,100,200
prontjiang/record-gbad2,prontjiang,11,0,2026-01-01T06:27:00+00:00,2026-01-01T06:26:41+00:00,False,0,0,0,pick_and_place,0,0,v3.0,so101_follower,20,11766,1,,,1000,30,100,200
prontjiang/record-gbad,prontjiang,11,0,2025-12-25T04:02:28+00:00,2025-12-25T04:02:04+00:00,False,0,0,0,pick_and_place,0,0,v3.0,so101_follower,50,21341,1,,,1000,30,100,200
pshingavi/first-20-so101_5,pshingavi,16,0,2026-01-26T00:29:20+00:00,2026-01-26T00:24:30+00:00,False,0,0,0,pick_and_place,0,0,v3.0,so_follower,20,14211,1,,,1000,30,100,200
qownscks/act_hoho,qownscks,17,0,2026-02-07T16:54:21+00:00,2026-02-07T16:53:08+00:00,False,0,0,0,pick_and_place,0,0,v3.0,so_follower,79,45057,1,,,1000,30,100,200
qownscks/jihoct_gogo_2,qownscks,19,0,2026-02-07T16:48:47+00:00,2026-02-07T16:48:04+00:00,False,0,0,0,pick_and_place,0,0,v3.0,so_follower,15,5844,1,,,1000,30,100,200
qownscks/jihoct_siq1,qownscks,21,0,2026-02-07T16:36:03+00:00,2026-02-07T16:31:37+00:00,False,0,0,0,pick_and_place,0,0,v3.0,so_follower,62,37939,1,,,1000,30,100,200
qownscks/jihoct,qownscks,32,0,2026-02-07T15:13:37+00:00,2026-02-07T13:49:11+00:00,False,0,0,0,pick_and_place,0,0,v3.0,so_follower,73,46637,1,,,1000,30,100,200
qownscks/song_r_70,qownscks,23,0,2026-02-07T14:23:36+00:00,2026-02-07T14:23:27+00:00,False,0,0,0,pick_and_place,0,0,v3.0,so_follower,111,113033,1,,,1000,30,100,200
qownscks/song_rand_35,qownscks,21,0,2026-02-07T12:51:51+00:00,2026-02-07T12:50:50+00:00,False,0,0,0,pick_and_place,0,0,v3.0,so_follower,35,32763,1,,,1000,30,100,200
qownscks/bae_random_70,qownscks,14,0,2026-02-07T11:26:52+00:00,2026-02-07T11:26:21+00:00,False,0,0,0,pick_and_place,0,0,v3.0,so_follower,70,74032,1,,,1000,30,100,200
qownscks/bae_random27,qownscks,16,0,2026-02-07T11:20:11+00:00,2026-02-07T11:19:35+00:00,False,0,0,0,pick_and_place,0,0,v3.0,so_follower,27,26746,1,,,1000,30,100,200
qownscks/bae_random70,qownscks,14,0,2026-02-07T10:55:17+00:00,2026-02-07T10:54:01+00:00,False,0,0,0,pick_and_place,0,0,v3.0,so_follower,43,47286,1,,,1000,30,100,200
qownscks/jiho_540,qownscks,27,0,2026-02-06T14:10:27+00:00,2026-02-06T14:08:43+00:00,False,0,0,0,pick_and_place,0,0,v3.0,so_follower,533,122531,1,,,1000,30,100,200
qownscks/jiho_16go,qownscks,23,0,2026-02-06T13:28:51+00:00,2026-02-06T13:28:31+00:00,False,0,0,0,pick_and_place,0,0,v3.0,so_follower,17,3567,1,,,1000,30,100,200
qownscks/yangwoosk,qownscks,25,0,2026-02-06T13:11:09+00:00,2026-02-06T13:09:51+00:00,False,0,0,0,pick_and_place,0,0,v3.0,so_follower,500,116413,1,,,1000,30,100,200
qownscks/jiho_14go,qownscks,26,0,2026-02-06T13:01:14+00:00,2026-02-06T13:00:29+00:00,False,0,0,0,pick_and_place,0,0,v3.0,so_follower,47,9611,1,,,1000,30,100,200
qownscks/jiho_12go,qownscks,33,0,2026-02-06T12:17:07+00:00,2026-02-06T12:02:31+00:00,False,0,0,0,pick_and_place,0,0,v3.0,so_follower,22,4902,1,,,1000,30,100,200
qownscks/jiho_first_merge,qownscks,19,0,2026-02-06T11:58:52+00:00,2026-02-06T11:57:19+00:00,False,0,0,0,pick_and_place,0,0,v3.0,so_follower,165,39926,1,,,1000,30,100,200
qownscks/jiho_11go,qownscks,28,0,2026-02-06T11:47:46+00:00,2026-02-06T11:47:26+00:00,False,0,0,0,pick_and_place,0,0,v3.0,so_follower,14,3439,1,,,1000,30,100,200
qownscks/bae_final_1,qownscks,21,0,2026-02-06T11:43:17+00:00,2026-02-06T11:42:24+00:00,False,0,0,0,pick_and_place,0,0,v3.0,so_follower,453,83938,4,,,1000,30,100,200
qownscks/bae_final,qownscks,18,0,2026-02-06T10:54:47+00:00,2026-02-06T10:53:53+00:00,False,0,0,0,pick_and_place,0,0,v3.0,so_follower,221,38345,1,,,1000,30,100,200
qownscks/bae_add3,qownscks,17,0,2026-02-06T10:50:25+00:00,2026-02-06T09:19:54+00:00,False,0,0,0,pick_and_place,0,0,v3.0,so_follower,145,25777,1,,,1000,30,100,200
qownscks/jiho_no2_1,qownscks,21,0,2026-02-06T10:43:31+00:00,2026-02-06T10:42:47+00:00,False,0,0,0,pick_and_place,0,0,v3.0,so_follower,40,10142,1,,,1000,30,100,200
qownscks/jiho_no2,qownscks,58,0,2026-02-06T10:13:56+00:00,2026-02-03T07:17:03+00:00,False,0,0,0,pick_and_place,0,0,v3.0,so_follower,87,20128,1,,,1000,30,100,200
qownscks/bae_add2,qownscks,22,0,2026-02-06T06:59:35+00:00,2026-02-06T06:59:19+00:00,False,0,0,0,pick_and_place,0,0,v3.0,so_follower,11,1807,1,,,1000,30,100,200
qownscks/jiho_final_test,qownscks,24,0,2026-02-03T13:37:48+00:00,2026-02-03T13:37:35+00:00,False,0,0,0,pick_and_place,0,0,v3.0,so_follower,266,61974,1,,,1000,30,100,200
qownscks/jiho_time,qownscks,25,0,2026-02-03T13:05:36+00:00,2026-02-03T13:02:56+00:00,False,0,0,0,pick_and_place,0,0,v3.0,so_follower,266,61974,1,,,1000,30,100,200
qownscks/jiho_gogo,qownscks,19,0,2026-02-03T12:47:46+00:00,2026-02-03T12:43:33+00:00,False,0,0,0,pick_and_place,0,0,v3.0,so_follower,266,61974,1,,,1000,30,100,200
qownscks/jiho_letgo_white,qownscks,40,0,2026-02-03T12:28:03+00:00,2026-02-03T10:55:37+00:00,False,0,0,0,pick_and_place,0,0,v3.0,so_follower,138,29553,1,,,1000,30,100,200
qownscks/jiho_fishtoy_1,qownscks,24,0,2026-02-03T10:48:28+00:00,2026-02-03T10:47:59+00:00,False,0,0,0,pick_and_place,0,0,v3.0,so_follower,128,32421,1,,,1000,30,100,200
qownscks/jiho_letgo_1,qownscks,30,0,2026-02-03T09:35:34+00:00,2026-02-03T09:34:22+00:00,False,0,0,0,pick_and_place,0,0,v3.0,so_follower,72,17611,1,,,1000,30,100,200
qownscks/jiho_letgo,qownscks,36,0,2026-02-03T08:31:25+00:00,2026-02-03T07:49:41+00:00,False,0,0,0,pick_and_place,0,0,v3.0,so_follower,48,12210,1,,,1000,30,100,200
qownscks/bae_fishtoy_1,qownscks,49,0,2026-02-01T06:34:17+00:00,2026-02-01T06:33:31+00:00,False,0,0,0,pick_and_place,0,0,v3.0,so_follower,232,45593,3,,,1000,30,100,200
qownscks/bae_fixed_arm,qownscks,45,0,2026-02-01T06:31:36+00:00,2026-02-01T06:31:25+00:00,False,0,0,0,pick_and_place,0,0,v3.0,so_follower,10,1064,1,,,1000,30,100,200
qownscks/bae_white_111,qownscks,26,0,2026-01-31T14:16:35+00:00,2026-01-31T14:15:52+00:00,False,0,0,0,pick_and_place,0,0,v3.0,so_follower,111,18625,1,,,1000,30,100,200
qownscks/bae_brown_111,qownscks,31,0,2026-01-31T12:46:06+00:00,2026-01-31T11:17:28+00:00,False,0,0,0,pick_and_place,0,0,v3.0,so_follower,111,25904,1,,,1000,30,100,200
qownscks/jiho_first,qownscks,21,0,2026-01-27T16:32:01+00:00,2026-01-27T16:30:47+00:00,False,0,0,0,pick_and_place,0,0,v3.0,so101_follower,59,17252,1,,,1000,30,100,500
qownscks/red_bounding_banana,qownscks,9,0,2025-11-19T07:57:25+00:00,2025-11-19T07:56:07+00:00,False,0,0,0,pick_and_place,0,0,v3.0,so101_follower,55,31979,1,,,1000,30,100,500
reKaf1T/testmission,reKaf1T,11,0,2025-12-26T09:26:45+00:00,2025-12-26T08:18:22+00:00,False,0,0,0,pick_and_place,0,0,v3.0,so101_follower,17,27061,1,,,1000,30,100,200
roboseasy/pick_and_place_total,roboseasy,0,0,2026-02-15T08:29:10+00:00,2026-02-15T06:16:12+00:00,False,2,0,0,pick_and_place,2,2,v3.0,so_follower,121,32490,1,,,1000,30,100,200
roboseasy/pick_and_place_total1,roboseasy,0,0,2026-02-15T05:53:22+00:00,2026-02-15T05:53:05+00:00,False,2,0,0,pick_and_place,2,2,v3.0,so_follower,80,21645,1,,,1000,30,100,200
roboseasy/pick_and_place,roboseasy,35,0,2026-02-15T04:50:57+00:00,2026-02-15T04:50:12+00:00,False,2,0,0,pick_and_place,2,2,v3.0,so_follower,60,16609,1,,,1000,30,100,200
roboseasy/classify_color_balls,roboseasy,29,0,2026-01-10T20:39:38+00:00,2026-01-10T14:09:25+00:00,False,0,0,0,pick_and_place,0,0,v3.0,so101_follower,120,33897,1,,,1000,30,100,200
sapanostic/so101_pick_cube_v2.0,sapanostic,32,0,2026-02-06T07:02:40+00:00,2026-02-05T07:51:06+00:00,False,2,0,0,pick_and_place,2,2,v3.0,so_follower,50,14398,1,,,1000,15,100,200
sapanostic/so101_pick_cube_v2.01,sapanostic,73,0,2026-02-06T06:39:21+00:00,2026-02-05T07:52:40+00:00,False,2,0,0,pick_and_place,2,2,v3.0,so_follower,50,16799,1,,,1000,15,100,200
sapanostic/so101_offline_eval,sapanostic,77,0,2025-12-28T23:49:26+00:00,2025-12-28T23:09:50+00:00,True,0,0,0,pick_and_place,0,0,v3.0,so101_follower,28,6237,4,,,1000,15,100,200
sapanostic/pen-placement-task,sapanostic,54,0,2025-11-23T23:57:26+00:00,2025-09-18T05:24:03+00:00,False,1,0,0,pick_and_place,1,1,v3.0,so101_follower,101,60277,1,,,1000,30,100,500
sapanostic/pen-placement-home,sapanostic,11,0,2025-11-19T11:04:53+00:00,2025-11-19T11:04:39+00:00,False,1,0,0,pick_and_place,1,1,v3.0,so101_follower,10,5829,1,,,1000,30,100,500
shimazukosen/eval_act_so101_airhockey_0128,shimazukosen,8,0,2026-01-28T02:31:27+00:00,2026-01-28T02:31:00+00:00,True,0,0,0,pick_and_place,0,0,v3.0,so101_follower,30,11816,1,,,1000,30,100,200
shimazukosen/eval_act_so101_airhockey_0127,shimazukosen,17,0,2026-01-27T05:01:41+00:00,2026-01-27T05:01:24+00:00,True,0,0,0,pick_and_place,0,0,v3.0,so101_follower,30,8287,1,,,1000,30,100,200
shimazukosen/act_so101_airhockey_0123_afterdel,shimazukosen,20,0,2026-01-26T00:50:25+00:00,2026-01-26T00:49:58+00:00,False,0,0,0,pick_and_place,0,0,v3.0,so101_follower,12,21599,1,,,1000,30,100,200
shimazukosen/act_so101_airhockey_0123,shimazukosen,35,0,2026-01-26T00:22:10+00:00,2026-01-23T03:25:07+00:00,False,0,0,0,pick_and_place,0,0,v3.0,so101_follower,13,23399,1,,,1000,30,100,200
shimazukosen/eval_act_so101_act_policy_airhockey_1226_pc,shimazukosen,33,0,2026-01-23T01:12:48+00:00,2026-01-23T00:53:32+00:00,True,0,0,0,pick_and_place,0,0,v3.0,so101_follower,30,8123,1,,,1000,30,100,200
shimazukosen/eval_so101_act_policy_airhockey_1226_colab,shimazukosen,28,0,2026-01-16T02:35:42+00:00,2026-01-16T02:08:18+00:00,True,0,0,0,pick_and_place,0,0,v3.0,so101_follower,30,8279,1,,,1000,30,100,200
shimazukosen/so101_airhockey_640x360,shimazukosen,11,0,2026-01-13T02:55:39+00:00,2026-01-13T02:06:15+00:00,False,0,0,0,pick_and_place,0,0,v3.0,so101_follower,50,7429,1,,,1000,30,100,200
shimazukosen/so101_act_policy_airhockey_1226_4,shimazukosen,14,0,2025-12-26T00:57:35+00:00,2025-12-26T00:57:19+00:00,False,0,0,0,pick_and_place,0,0,v3.0,so101_follower,50,7429,1,,,1000,30,100,200
shuhei25/30ep_only_1_feedback4,shuhei25,42,0,2026-01-21T11:48:49+00:00,2026-01-21T11:48:24+00:00,False,0,0,0,pick_and_place,0,0,v3.0,so101_follower,30,2896,1,,,1000,30,100,200
shuhei25/11ep_only_1_feedback,shuhei25,23,0,2026-01-21T11:06:59+00:00,2026-01-21T11:06:44+00:00,False,0,0,0,pick_and_place,0,0,v3.0,so101_follower,11,1015,1,,,1000,30,100,200
shuhei25/30ep_only_1_feedback2,shuhei25,25,0,2026-01-21T11:02:55+00:00,2026-01-21T11:02:34+00:00,False,0,0,0,pick_and_place,0,0,v3.0,so101_follower,20,2009,1,,,1000,30,100,200
shuhei25/VFolding_200_centerleftright_with_feedback,shuhei25,39,0,2026-01-16T13:41:57+00:00,2026-01-16T13:34:16+00:00,False,0,0,1,laundry_folding,1,1,v3.0,so101_follower,200,76408,1,,,1000,30,100,500
shuhei25/20episode_for_feedback,shuhei25,28,0,2026-01-15T02:33:28+00:00,2026-01-14T10:49:16+00:00,False,0,0,0,pick_and_place,0,0,v3.0,so101_follower,20,7605,1,,,1000,30,100,200
shuhei25/test_feedback_function_Jan14_temae,shuhei25,15,0,2026-01-14T10:04:29+00:00,2026-01-14T10:03:55+00:00,False,0,0,0,pick_and_place,0,0,v3.0,so101_follower,20,11817,1,,,1000,30,100,200
shuhei25/eval_leftrightcenter_no_crease_40percent,shuhei25,4,0,2026-01-08T09:03:25+00:00,2026-01-08T09:03:07+00:00,True,0,0,0,pick_and_place,0,0,v3.0,so101_follower,11,6580,1,,,1000,30,100,500
shuhei25/VTwiceFolding_251206_01,shuhei25,3,0,2025-12-06T08:01:07+00:00,2025-12-06T08:00:50+00:00,False,0,0,1,laundry_folding,1,1,v3.0,so101_follower,10,5434,1,,,1000,30,100,500
shuhei25/VTwiceFolding_251206_00,shuhei25,9,0,2025-12-06T07:53:07+00:00,2025-12-06T07:52:50+00:00,False,0,0,1,laundry_folding,1,1,v3.0,so101_follower,10,5946,1,,,1000,30,100,500
shuhei25/VFolding_251206_10,shuhei25,4,0,2025-12-06T07:26:28+00:00,2025-12-06T07:26:14+00:00,False,0,0,1,laundry_folding,1,1,v3.0,so101_follower,10,3398,1,,,1000,30,100,500
shuhei25/VFolding_251206_09,shuhei25,4,0,2025-12-06T07:21:58+00:00,2025-12-06T07:21:43+00:00,False,0,0,1,laundry_folding,1,1,v3.0,so101_follower,10,2999,1,,,1000,30,100,500
shuhei25/VFolding_251206_08,shuhei25,3,0,2025-12-06T07:15:01+00:00,2025-12-06T07:14:47+00:00,False,0,0,1,laundry_folding,1,1,v3.0,so101_follower,10,2822,1,,,1000,30,100,500
shuhei25/VFolding_251206_07,shuhei25,3,0,2025-12-06T07:11:20+00:00,2025-12-06T07:11:02+00:00,False,0,0,1,laundry_folding,1,1,v3.0,so101_follower,10,3486,1,,,1000,30,100,500
shuhei25/VFolding_251206_06,shuhei25,7,0,2025-12-06T06:57:04+00:00,2025-12-06T06:56:44+00:00,False,0,0,1,laundry_folding,1,1,v3.0,so101_follower,10,4147,1,,,1000,30,100,500
shuhei25/VFolding_251206_05,shuhei25,2,0,2025-12-06T06:51:38+00:00,2025-12-06T06:51:22+00:00,False,0,0,1,laundry_folding,1,1,v3.0,so101_follower,10,4510,1,,,1000,30,100,500
shuhei25/VFolding_251206_04,shuhei25,7,0,2025-12-06T06:44:08+00:00,2025-12-06T06:43:56+00:00,False,0,0,1,laundry_folding,1,1,v3.0,so101_follower,10,4482,1,,,1000,30,100,500
shuhei25/VFolding_251206_03,shuhei25,6,0,2025-12-06T06:38:16+00:00,2025-12-06T06:37:57+00:00,False,0,0,1,laundry_folding,1,1,v3.0,so101_follower,10,3974,1,,,1000,30,100,500
shuhei25/VFolding_251206_02,shuhei25,7,0,2025-12-06T06:31:58+00:00,2025-12-06T06:31:43+00:00,False,0,0,1,laundry_folding,1,1,v3.0,so101_follower,10,3378,1,,,1000,30,100,500
shuhei25/VFolding_251206_01,shuhei25,2,0,2025-12-06T06:25:24+00:00,2025-12-06T06:25:10+00:00,False,0,0,1,laundry_folding,1,1,v3.0,so101_follower,10,3295,1,,,1000,30,100,500
shuhei25/VFolding_251205_00,shuhei25,3,0,2025-12-05T07:35:51+00:00,2025-12-05T07:35:41+00:00,False,0,0,1,laundry_folding,1,1,v3.0,so101_follower,10,2975,1,,,1000,30,100,500
shuhei25/merged_folding_dataset_1203,shuhei25,8,0,2025-12-03T12:48:50+00:00,2025-12-03T12:05:49+00:00,False,0,0,1,laundry_folding,1,1,v3.0,so101_follower,20,8980,1,,,1000,30,100,500
songzybong/record-test,songzybong,18,0,2026-01-16T07:42:02+00:00,2026-01-16T07:14:10+00:00,False,0,0,0,pick_and_place,0,0,v3.0,so101_follower,30,9773,1,,,1000,30,100,200
sreetz-nv/so101_teleop_vials_rack_left_augment_01-02,sreetz-nv,40,0,2026-02-02T18:12:58+00:00,2026-02-02T18:12:54+00:00,False,0,0,0,pick_and_place,0,0,v3.0,so101_follower,89,22398,1,,,1000,30,100,200
sreetz-nv/so101_teleop_vials_rack_left_augment_02,sreetz-nv,39,0,2026-02-02T18:12:21+00:00,2026-02-02T18:12:15+00:00,False,0,0,0,pick_and_place,0,0,v3.0,so101_follower,82,20324,1,,,1000,30,100,200
sreetz-nv/so101_teleop_vials_rack_left_augment_01,sreetz-nv,43,0,2026-02-02T18:11:10+00:00,2026-02-02T18:11:04+00:00,False,0,0,0,pick_and_place,0,0,v3.0,so101_follower,82,20324,1,,,1000,30,100,200
sreetz-nv/so101_teleop_vials_rack_left_real_50,sreetz-nv,63,0,2026-01-29T21:27:42+00:00,2026-01-29T18:29:44+00:00,False,0,0,0,pick_and_place,0,0,v3.0,so101_follower,49,15516,1,,,1000,30,100,200
sreetz-nv/so101_teleop_vials_rack_left_sim_and_real,sreetz-nv,29,0,2026-01-27T22:18:49+00:00,2026-01-27T22:18:33+00:00,False,0,0,0,pick_and_place,0,0,v3.0,so101_follower,80,19603,2,,,1000,30,100,200
sreetz-nv/so101_teleop_vials_rack_left,sreetz-nv,29,0,2026-01-26T23:06:37+00:00,2026-01-26T23:02:53+00:00,False,0,0,0,pick_and_place,0,0,v3.0,so101_follower,75,18250,1,,,1000,30,100,200
sreetz-nv/so101_teleop_vials_to_tray_more_dr_and_cosmos,sreetz-nv,15,0,2026-01-22T01:41:49+00:00,2026-01-22T01:41:28+00:00,False,0,0,0,pick_and_place,0,0,v3.0,so101_follower,81,15377,2,,,1000,30,100,200
sreetz-nv/so101_teleop_vials_to_tray_more_dr,sreetz-nv,32,0,2026-01-22T01:03:52+00:00,2026-01-22T01:02:11+00:00,False,0,0,0,pick_and_place,0,0,v3.0,so101_follower,71,13357,1,,,1000,30,100,200
sreetz-nv/so101_teleop_vials_to_tray_and_cosmos,sreetz-nv,34,0,2026-01-20T18:38:11+00:00,2026-01-20T18:38:08+00:00,False,0,0,0,pick_and_place,0,0,v3.0,so101_follower,82,16664,2,,,1000,30,100,200
sreetz-nv/so101_teleop_vials_to_tray_sim_real_cam_tweak_combined,sreetz-nv,16,0,2026-01-09T22:22:03+00:00,2026-01-09T22:21:50+00:00,False,0,0,0,pick_and_place,0,0,v3.0,so101_follower,77,16032,2,,,1000,30,100,200
sreetz-nv/so101_teleop_vials_to_tray_camera_tweak,sreetz-nv,192,0,2026-01-09T22:13:28+00:00,2026-01-09T22:11:42+00:00,False,0,0,0,pick_and_place,0,0,v3.0,so101_follower,72,14644,1,,,1000,30,100,200
sreetz-nv/so101_teleop_vials_to_tray_sim_real_combined,sreetz-nv,8,0,2026-01-09T00:46:53+00:00,2026-01-09T00:46:50+00:00,False,0,0,0,pick_and_place,0,0,v3.0,so101_follower,105,23311,1,,,1000,30,100,200
sreetz-nv/so101_teleop_vials_to_tray_merged,sreetz-nv,24,0,2026-01-07T02:24:58+00:00,2026-01-07T02:24:40+00:00,False,0,0,0,pick_and_place,0,0,v3.0,so101_follower,100,21923,1,,,1000,30,100,200
sreetz-nv/so101_teleop_vials_to_tray_pt2,sreetz-nv,5,0,2026-01-07T02:13:01+00:00,2026-01-07T02:11:36+00:00,False,0,0,0,pick_and_place,0,0,v3.0,so101_follower,50,10472,1,,,1000,30,100,200
sreetz-nv/so101_teleop_vials_to_tray_pt1,sreetz-nv,5,0,2026-01-07T01:30:30+00:00,2026-01-07T01:29:02+00:00,False,0,0,0,pick_and_place,0,0,v3.0,so101_follower,50,11451,1,,,1000,30,100,200
sreetz-nv/so101_teleop_vials_all_merged_v2,sreetz-nv,25,0,2025-12-25T01:03:15+00:00,2025-12-24T19:27:23+00:00,False,0,0,0,pick_and_place,0,0,v3.0,so101_follower,310,117770,1,,,1000,30,100,200
sreetz-nv/so101_teleop_vials_all_merged,sreetz-nv,12,0,2025-12-24T02:43:45+00:00,2025-12-24T02:43:36+00:00,False,0,0,0,pick_and_place,0,0,v3.0,so101_follower,310,117770,1,,,1000,30,100,500
sreetz-nv/so101_teleop_vials_merged,sreetz-nv,27,0,2025-12-24T02:13:33+00:00,2025-12-24T02:13:15+00:00,False,0,0,0,pick_and_place,0,0,v3.0,so101_follower,102,36611,1,,,1000,30,100,500
sreetz-nv/so101_teleop_vials_pt3,sreetz-nv,16,0,2025-12-24T02:09:04+00:00,2025-12-24T01:42:23+00:00,False,0,0,0,pick_and_place,0,0,v3.0,so101_follower,26,9602,1,,,1000,30,100,500
sreetz-nv/so101_teleop_vials_pt4,sreetz-nv,10,0,2025-12-24T02:08:02+00:00,2025-12-24T02:07:54+00:00,False,0,0,0,pick_and_place,0,0,v3.0,so101_follower,25,8964,1,,,1000,30,100,500
sreetz-nv/so101_teleop_vials_pt2,sreetz-nv,7,0,2025-12-24T01:20:19+00:00,2025-12-24T01:19:09+00:00,False,0,0,0,pick_and_place,0,0,v3.0,so101_follower,25,9255,1,,,1000,30,100,500
sreetz-nv/so101_teleop_vials_pt1,sreetz-nv,10,0,2025-12-24T00:46:07+00:00,2025-12-24T00:44:58+00:00,False,0,0,0,pick_and_place,0,0,v3.0,so101_follower,26,8790,1,,,1000,30,100,500
sreetz-nv/so101_teleop_vials_tray_merged,sreetz-nv,14,0,2025-12-24T00:13:42+00:00,2025-12-24T00:13:22+00:00,False,0,0,0,pick_and_place,0,0,v3.0,so101_follower,105,42809,1,,,1000,30,100,500
sreetz-nv/so101_teleop_vials_tray_pt3,sreetz-nv,112,0,2025-12-24T00:09:55+00:00,2025-12-23T23:22:23+00:00,False,0,0,0,pick_and_place,0,0,v3.0,so101_follower,25,10003,1,,,1000,30,100,500
sreetz-nv/so101_teleop_vials_tray_pt4,sreetz-nv,10,0,2025-12-23T23:57:33+00:00,2025-12-23T23:55:46+00:00,False,0,0,0,pick_and_place,0,0,v3.0,so101_follower,30,11767,1,,,1000,30,100,500
sreetz-nv/so101_teleop_vials_tray_pt2,sreetz-nv,7,0,2025-12-23T22:37:17+00:00,2025-12-23T22:35:57+00:00,False,0,0,0,pick_and_place,0,0,v3.0,so101_follower,25,10342,1,,,1000,30,100,500
sreetz-nv/so101_teleop_vials_tray_pt1,sreetz-nv,10,0,2025-12-23T21:58:28+00:00,2025-12-23T21:57:03+00:00,False,0,0,0,pick_and_place,0,0,v3.0,so101_follower,25,10697,1,,,1000,30,100,500
sreetz-nv/so101_teleop_vials_tray_to_tray_merged,sreetz-nv,10,0,2025-12-23T21:21:24+00:00,2025-12-23T21:21:04+00:00,False,0,0,0,pick_and_place,0,0,v3.0,so101_follower,103,38350,1,,,1000,30,100,500
sreetz-nv/so101_teleop_vials_tray_to_tray_pt2,sreetz-nv,10,0,2025-12-23T21:16:17+00:00,2025-12-23T20:11:27+00:00,False,0,0,0,pick_and_place,0,0,v3.0,so101_follower,25,9813,1,,,1000,30,100,500
sreetz-nv/so101_teleop_vials_tray_to_tray_pt4,sreetz-nv,10,0,2025-12-23T21:10:09+00:00,2025-12-23T21:08:59+00:00,False,0,0,0,pick_and_place,0,0,v3.0,so101_follower,25,8963,1,,,1000,30,100,500
sreetz-nv/so101_teleop_vials_tray_to_tray_pt3,sreetz-nv,118,0,2025-12-23T20:35:29+00:00,2025-12-23T20:34:15+00:00,False,0,0,0,pick_and_place,0,0,v3.0,so101_follower,26,9547,1,,,1000,30,100,500
sreetz-nv/so101_teleop_vials_tray_to_tray,sreetz-nv,7,0,2025-12-23T19:49:59+00:00,2025-12-23T19:48:41+00:00,False,0,0,0,pick_and_place,0,0,v3.0,so101_follower,27,10027,1,,,1000,30,100,500
sreetz-nv/so101_vial_pickup_simple_real,sreetz-nv,18,0,2025-12-23T16:44:21+00:00,2025-12-23T16:08:02+00:00,False,1,0,0,pick_and_place,1,1,v3.0,so101_follower,40,23461,1,,,1000,30,100,200
sreetz-nv/so101_teleop_vials_alt,sreetz-nv,3,0,2025-12-22T22:38:51+00:00,2025-12-22T22:38:46+00:00,False,0,0,0,pick_and_place,0,0,v3.0,so101_follower,22,8698,1,,,1000,30,1000,20000
sreetz-nv/so101_teleop_vials,sreetz-nv,5,0,2025-12-22T20:31:44+00:00,2025-12-20T01:23:44+00:00,False,0,0,0,pick_and_place,0,0,v3.0,so101_follower,23,9166,1,,,1000,30,100,500
sreetz-nv/so101_teleop_vials_lightbox_real,sreetz-nv,32,0,2025-12-20T05:36:51+00:00,2025-12-20T05:35:43+00:00,False,0,0,0,pick_and_place,0,0,v3.0,so101_follower,20,11240,1,,,1000,30,100,500
sreetz-nv/so101_teleop_ring_stack,sreetz-nv,9,0,2025-12-12T21:57:57+00:00,2025-12-12T21:49:29+00:00,False,1,0,0,pick_and_place,1,1,v3.0,so101_follower,21,29445,1,,,1000,30,100,500
sriharsha4444/so-101-pick-and-place-10,sriharsha4444,10,0,2026-01-30T01:20:11+00:00,2026-01-30T01:14:54+00:00,False,2,0,0,pick_and_place,2,2,v3.0,so_follower,20,5636,1,,,1000,30,100,200
sriharsha4444/so-101-pick-and-place-val-9,sriharsha4444,33,0,2026-01-26T08:25:10+00:00,2026-01-26T08:23:59+00:00,False,2,0,0,pick_and_place,2,2,v3.0,so_follower,34,10551,1,,,1000,30,100,200
sriharsha4444/so-101-pick-and-place-9,sriharsha4444,48,0,2026-01-26T08:09:20+00:00,2026-01-26T07:51:18+00:00,False,2,0,0,pick_and_place,2,2,v3.0,so_follower,102,33145,1,,,1000,30,100,200
sriharsha4444/so-101-pick-and-place-8,sriharsha4444,27,0,2026-01-24T01:20:21+00:00,2026-01-24T01:19:39+00:00,False,2,0,0,pick_and_place,2,2,v3.0,so_follower,20,5915,1,,,1000,30,100,200
sriharsha4444/so-101-pick-and-place-7,sriharsha4444,29,0,2026-01-23T21:55:52+00:00,2026-01-23T21:54:53+00:00,False,2,0,0,pick_and_place,2,2,v3.0,so_follower,20,6069,1,,,1000,30,100,200
sriharsha4444/so-101-pick-and-place-6,sriharsha4444,91,0,2026-01-21T01:26:57+00:00,2026-01-21T01:09:31+00:00,False,2,0,0,pick_and_place,2,2,v3.0,so_follower,60,19331,1,,,1000,30,100,200
sriharsha4444/so-101-pick-and-place-5,sriharsha4444,51,0,2026-01-20T02:08:18+00:00,2026-01-20T01:27:41+00:00,False,2,0,0,pick_and_place,2,2,v3.0,so_follower,80,52159,1,,,1000,30,100,200
sriharsha4444/so-101-pick-and-place-4,sriharsha4444,43,0,2026-01-18T07:12:14+00:00,2026-01-18T06:59:25+00:00,False,2,0,0,pick_and_place,2,2,v3.0,so_follower,20,12990,1,,,1000,30,100,200
sriharsha4444/so-101-pick-and-place-1,sriharsha4444,51,0,2026-01-18T06:14:57+00:00,2026-01-18T04:14:25+00:00,False,2,0,0,pick_and_place,2,2,v3.0,so_follower,12,8440,1,,,1000,30,100,200
taomon/so101_pick_green_dish,taomon,9,0,2026-01-02T07:13:40+00:00,2026-01-02T07:06:22+00:00,False,1,0,0,pick_and_place,1,1,v3.0,so101_follower,50,13968,1,,,1000,30,100,200
tilmannb/so101_grab_package_simple,tilmannb,5,0,2025-12-22T13:33:43+00:00,2025-12-22T13:26:46+00:00,False,0,0,0,pick_and_place,0,0,v3.0,so101_follower,10,4358,1,,,1000,30,100,200
tilmannb/so101_grab_package,tilmannb,3,0,2025-12-22T11:55:47+00:00,2025-12-22T11:52:10+00:00,False,0,0,0,pick_and_place,0,0,v3.0,so101_follower,24,13643,1,,,1000,30,100,200
vanekger/eval_so101_scotch_move_v3,vanekger,37,0,2026-01-22T15:13:13+00:00,2026-01-22T14:52:52+00:00,True,0,0,0,pick_and_place,0,0,v3.0,so_follower,27,20927,1,,,1000,30,100,200
vanekger/so101_pick_scotch_move_end_v1,vanekger,45,0,2026-01-22T10:39:25+00:00,2026-01-22T10:25:29+00:00,False,1,0,0,pick_and_place,1,1,v3.0,so_follower,30,12954,1,,,1000,30,100,200
vanekger/so101_pick_scotch_v1,vanekger,62,0,2026-01-22T10:20:48+00:00,2026-01-22T10:20:38+00:00,False,1,0,0,pick_and_place,1,1,v3.0,so_follower,23,10253,1,,,1000,30,100,200
vanekger/so101_pick_places_v1,vanekger,33,0,2026-01-21T17:05:01+00:00,2026-01-21T17:04:51+00:00,False,2,0,0,pick_and_place,2,2,v3.0,so_follower,30,15358,1,,,1000,30,100,200
vanekger/so101_pick_v5,vanekger,34,0,2026-01-21T16:48:51+00:00,2026-01-21T16:48:44+00:00,False,1,0,0,pick_and_place,1,1,v3.0,so_follower,15,5852,1,,,1000,30,100,200
vladimirmodylevskii/so100_test_multicam_v1,vladimirmodylevskii,40,0,2026-02-02T11:25:16+00:00,2026-02-02T10:52:20+00:00,False,0,0,0,pick_and_place,0,0,v3.0,so_follower,50,13188,1,,,1000,30,100,200
vladimirmodylevskii/so100_grab_object_v2,vladimirmodylevskii,19,0,2026-01-30T16:22:02+00:00,2026-01-30T16:09:11+00:00,False,1,0,0,pick_and_place,1,1,v3.0,so_follower,52,10776,1,,,1000,30,100,200
vladimirmodylevskii/so100_grab_object_1,vladimirmodylevskii,18,0,2026-01-29T21:54:20+00:00,2026-01-29T21:54:12+00:00,False,1,0,0,pick_and_place,1,1,v3.0,so_follower,50,14623,1,,,1000,30,100,200
x-haoyu/eval_so101,x-haoyu,6,0,2025-12-20T13:44:26+00:00,2025-12-20T13:08:04+00:00,True,0,0,0,pick_and_place,0,0,v3.0,so101_follower,11,5686,1,,,1000,30,100,200
x-haoyu/PickCube,x-haoyu,1,0,2025-12-16T10:52:15+00:00,2025-12-16T10:52:06+00:00,False,2,0,0,pick_and_place,2,2,v3.0,so101_follower,50,17234,1,,,1000,30,100,200
x-haoyu/record-test,x-haoyu,0,0,2025-12-16T10:28:32+00:00,2025-12-16T10:26:08+00:00,False,0,0,0,pick_and_place,0,0,v3.0,so101_follower,50,17234,1,,,1000,30,100,200
xhaka3456/cestest,xhaka3456,15,0,2025-12-02T06:13:04+00:00,2025-12-02T05:14:07+00:00,False,0,0,0,pick_and_place,0,0,v3.0,so101_follower,120,43200,1,,,1000,30,100,500
yunfigup/eval_1wood_weights_size_v4,yunfigup,37,0,2026-01-18T02:05:28+00:00,2026-01-18T02:05:04+00:00,True,0,0,0,pick_and_place,0,0,v3.0,so101_follower,12,15177,1,,,1000,30,100,500
yunfigup/so101_wood_weights_size_v2,yunfigup,48,0,2026-01-17T15:09:18+00:00,2026-01-17T15:08:24+00:00,False,0,0,0,pick_and_place,0,0,v3.0,so101_follower,150,55255,1,,,1000,30,100,500
yunfigup/so101_wood_weights_size_v1,yunfigup,29,0,2026-01-15T13:28:18+00:00,2026-01-15T13:27:50+00:00,False,0,0,0,pick_and_place,0,0,v3.0,so101_follower,50,25122,1,,,1000,30,100,500
yunfigup/eval_so101_crescent_block_v2_1,yunfigup,10,0,2026-01-03T11:54:43+00:00,2026-01-03T11:54:30+00:00,True,0,0,0,pick_and_place,0,0,v3.0,so101_follower,10,3346,1,,,1000,30,100,500
yunfigup/eval_so101_crescent_block_v2,yunfigup,2,0,2026-01-03T11:44:36+00:00,2026-01-03T11:43:53+00:00,True,0,0,0,pick_and_place,0,0,v3.0,so101_follower,10,11134,1,,,1000,30,100,500
yunfigup/so101_crescent_block_v2,yunfigup,9,0,2025-12-31T14:16:24+00:00,2025-12-31T14:16:00+00:00,False,0,0,0,pick_and_place,0,0,v3.0,so101_follower,50,17527,1,,,1000,30,100,500
yunfigup/so101_crescent_block_v1,yunfigup,13,0,2025-12-31T13:43:44+00:00,2025-12-31T13:43:29+00:00,False,0,0,0,pick_and_place,0,0,v3.0,so101_follower,19,6945,1,,,1000,30,100,500
yunfigup/so101_swipe_card_v1,yunfigup,6,0,2025-12-30T14:52:25+00:00,2025-12-30T14:51:55+00:00,False,0,0,0,pick_and_place,0,0,v3.0,so101_follower,50,10175,1,,,1000,30,100,500
yunfigup/eval_so101_red_logic_v48,yunfigup,8,0,2025-12-28T00:57:16+00:00,2025-12-28T00:57:04+00:00,True,0,0,0,pick_and_place,0,0,v3.0,so101_follower,10,2944,1,,,1000,30,100,500
yunfigup/eval_so101_red_logic_v41,yunfigup,8,0,2025-12-27T11:04:05+00:00,2025-12-27T11:03:54+00:00,True,0,0,0,pick_and_place,0,0,v3.0,so101_follower,10,3231,1,,,1000,30,100,500
yunfigup/eval_so101_red_logic_v40,yunfigup,5,0,2025-12-27T10:55:27+00:00,2025-12-27T10:55:08+00:00,True,0,0,0,pick_and_place,0,0,v3.0,so101_follower,10,2803,1,,,1000,30,100,500
yunfigup/eval_so101_red_logic_v39,yunfigup,5,0,2025-12-27T10:50:25+00:00,2025-12-27T10:50:14+00:00,True,0,0,0,pick_and_place,0,0,v3.0,so101_follower,10,2992,1,,,1000,30,100,500
yunfigup/eval_so101_red_logic_v38,yunfigup,18,0,2025-12-27T09:05:08+00:00,2025-12-27T09:04:55+00:00,True,0,0,0,pick_and_place,0,0,v3.0,so101_follower,10,3040,1,,,1000,30,100,500
yunfigup/eval_so101_red_logic_v36,yunfigup,8,0,2025-12-27T08:38:30+00:00,2025-12-27T08:38:20+00:00,True,0,0,0,pick_and_place,0,0,v3.0,so101_follower,10,2791,1,,,1000,30,100,500
yunfigup/so101_yellow_trash_sort_v1,yunfigup,15,0,2025-12-27T08:27:11+00:00,2025-12-27T08:26:57+00:00,False,0,0,0,pick_and_place,0,0,v3.0,so101_follower,50,11526,1,,,1000,30,100,500
yunfigup/eval_so101_red_logic_v30,yunfigup,5,0,2025-12-26T17:02:11+00:00,2025-12-26T17:01:57+00:00,True,0,0,0,pick_and_place,0,0,v3.0,so101_follower,10,4241,1,,,1000,30,100,500
yunfigup/eval_so101_red_logic_v29,yunfigup,8,0,2025-12-26T15:44:45+00:00,2025-12-26T15:44:32+00:00,True,0,0,0,pick_and_place,0,0,v3.0,so101_follower,10,4713,1,,,1000,30,100,500
yunfigup/eval_so101_red_logic_v27,yunfigup,8,0,2025-12-26T15:28:58+00:00,2025-12-26T15:28:44+00:00,True,0,0,0,pick_and_place,0,0,v3.0,so101_follower,10,4685,1,,,1000,30,100,500
yunfigup/eval_so101_red_logic_v25,yunfigup,7,0,2025-12-26T15:05:33+00:00,2025-12-26T15:05:16+00:00,True,0,0,0,pick_and_place,0,0,v3.0,so101_follower,10,7782,1,,,1000,30,100,500
yunfigup/eval_so101_red_logic_v24,yunfigup,5,0,2025-12-26T14:42:03+00:00,2025-12-26T14:41:51+00:00,True,0,0,0,pick_and_place,0,0,v3.0,so101_follower,10,5308,1,,,1000,30,100,500
yunfigup/so101_red_logic_v1,yunfigup,7,0,2025-12-26T06:24:53+00:00,2025-12-26T06:24:36+00:00,False,0,0,0,pick_and_place,0,0,v3.0,so101_follower,50,16136,1,,,1000,30,100,500
yuta0x89/record-test-1130-04-no21-1121-05,yuta0x89,9,0,2025-12-04T16:42:17+00:00,2025-12-04T16:42:04+00:00,False,0,0,0,pick_and_place,0,0,v3.0,so101_follower,112,51560,2,,,1000,30,100,500
yuta0x89/record-test-1130-04-no21,yuta0x89,9,0,2025-12-04T16:32:31+00:00,2025-12-04T16:32:19+00:00,False,0,0,0,pick_and_place,0,0,v3.0,so101_follower,62,23880,1,,,1000,30,100,500
yuta0x89/record-test-1130-04,yuta0x89,13,0,2025-12-04T05:52:53+00:00,2025-12-04T05:25:24+00:00,False,0,0,0,pick_and_place,0,0,v3.0,so101_follower,63,24111,1,,,1000,30,100,500
yuta0x89/record-test-1130-03,yuta0x89,12,0,2025-12-04T04:00:11+00:00,2025-12-04T03:55:09+00:00,False,0,0,0,pick_and_place,0,0,v3.0,so101_follower,20,7725,1,,,1000,30,100,500
yuta0x89/record-test-1121-05,yuta0x89,4,0,2025-11-21T12:28:32+00:00,2025-11-21T12:27:11+00:00,False,0,0,0,pick_and_place,0,0,v3.0,so101_follower,50,27680,1,,,1000,30,100,500
zenbyte/20260213_real_so101_rj45_ep20_cond_2_switch_task_3cam,zenbyte,33,0,2026-02-12T19:11:49+00:00,2026-02-12T18:53:45+00:00,False,0,0,0,pick_and_place,0,0,v3.0,so101_follower,40,18900,1,,,1000,30,100,500
zenbyte/20250208_real_so101_rj45_ep20_cond_2_switch_task_3cam,zenbyte,30,0,2026-02-08T13:47:13+00:00,2026-02-08T13:45:41+00:00,False,0,0,0,pick_and_place,0,0,v3.0,so101_follower,29,16288,2,,,1000,30,100,500
zenbyte/20250206_real_so101_rj45_ep20_cond_2_switch_task_3cam,zenbyte,22,0,2026-02-05T17:57:51+00:00,2026-02-05T17:38:37+00:00,False,0,0,0,pick_and_place,0,0,v3.0,so101_follower,40,19175,2,,,1000,30,100,500
zenbyte/20250126_real_so101_rj45_ep20_cond_3task_3cam,zenbyte,39,0,2026-01-25T16:42:14+00:00,2026-01-25T15:12:02+00:00,False,0,0,0,pick_and_place,0,0,v3.0,so101_follower,60,42233,3,,,1000,30,100,500
zenbyte/20250126_real_so101_rj45_ep20_cond,zenbyte,48,0,2026-01-25T12:39:00+00:00,2026-01-24T16:55:13+00:00,False,0,0,0,pick_and_place,0,0,v3.0,so101_follower,60,44595,3,,,1000,30,100,500
zenbyte/DATASET_REPO,zenbyte,36,0,2026-01-25T01:14:07+00:00,2026-01-25T01:14:03+00:00,False,0,0,0,pick_and_place,0,0,v3.0,so101_follower,40,30820,2,,,1000,30,100,500
zuichucai/so101_flange_box,zuichucai,27,0,2026-02-15T00:37:45+00:00,2026-02-14T23:54:15+00:00,False,0,0,0,pick_and_place,0,0,v3.0,so_follower,50,21709,1,,,1000,30,100,200
zuichucai/so101_test1,zuichucai,151,0,2026-02-13T18:27:20+00:00,2026-02-13T10:53:25+00:00,False,0,0,0,pick_and_place,0,0,v3.0,so_follower,56,22714,1,,,1000,30,100,200
